Date,Expiry,En_Date,Ce_En_Date,Pe_En_Date,Ce_Ex_Date,Pe_Ex_Date,Fut_En_Price,Atm_strike,Ce_Short_strike,Pe_Short_strike,Ce_Long_strike,Pe_Long_strike,Ce_Short_En_Price,Ce_Short_Ex_Price,Pe_Short_En_Price,Pe_Short_Ex_Price,Ce_Long_En_Price,Ce_Long_Ex_Price,Pe_Long_En_Price,Pe_Long_Ex_Price,Initial_Premium,Exit_Premium,Returns_Abs,Quantity,Lot_Size,Total_Abs_Return,Total_Capital_Return,Total_Pct_Return,Pfolio_Total_Daily_Drawdown,Pfolio_Max_Daily_Drawdown
2017-01-02,2017-01-05 0:00,2017-01-02 10:30,2017-01-02 10:30,2017-01-02 10:30,2017-01-05 14:30:59,2017-01-05 14:30:59,18067.95,18100.0,18100.0,18100.0,18400.0,17700.0,89.95,21.5,171.45,18.9,25.45,0.05,32.35,0.05,204.0,40.0,163.0,1,100,16330.0,1016330.0,1.633,0.0,0.0
2017-01-03,2017-01-05 0:00,2017-01-03 10:30,2017-01-03 10:30,2017-01-03 10:30,2017-01-05 14:45:59,2017-01-05 14:45:59,18107.0,18100.0,18100.0,18100.0,18500.0,17700.0,90.3,27.2,136.55,8.65,12.1,0.05,21.6,0.05,193.0,36.0,157.0,1,100,15740.0,1032070.0,1.574,0.0,0.0
2017-01-04,2017-01-05 0:00,2017-01-04 10:30,2017-01-04 10:30,2017-01-04 10:30,2017-01-05 15:03:59,2017-01-05 15:03:59,18048.05,18000.0,18000.0,18000.0,18400.0,17700.0,94.45,118.3,82.0,0.1,6.4,0.05,11.75,0.05,158.0,118.0,40.0,1,100,4000.0,1036070.0,0.4,0.0,0.0
2017-01-05,2017-01-05 0:00,2017-01-05 10:30,2017-01-05 10:30,2017-01-05 10:30,2017-01-05 15:03:59,2017-01-05 15:03:59,18079.7,18100.0,18100.0,18100.0,18400.0,17700.0,20.0,29.95,79.05,0.6,0.2,0.05,0.35,0.05,98.0,30.0,68.0,1,100,6805.0,1042875.0,0.6805,0.0,0.0
2017-01-06,2017-01-12 0:00,2017-01-06 10:30,2017-01-06 10:30,2017-01-06 10:30,2017-01-11 10:54:59,2017-01-11 10:54:59,18340.0,18300.0,18300.0,18300.0,18700.0,18000.0,129.0,284.25,137.0,4.85,19.5,28.3,46.8,1.1,200.0,260.0,-60.0,1,100,-6000.0,1036875.0,-0.6,-0.006,-0.006
2017-01-09,2017-01-12 0:00,2017-01-09 10:30,2017-01-09 10:30,2017-01-09 10:30,2017-01-11 13:12:59,2017-01-11 13:12:59,18359.1,18400.0,18400.0,18400.0,18700.0,18000.0,78.25,355.6,160.0,4.1,10.75,103.0,30.75,0.65,197.0,256.0,-59.0,1,100,-5930.0,1030945.0,-0.593,-0.0119,-0.0119
2017-01-10,2017-01-12 0:00,2017-01-10 10:30,2017-01-10 10:30,2017-01-10 10:30,2017-01-11 12:45:59,2017-01-11 12:45:59,18361.75,18400.0,18400.0,18400.0,18700.0,18000.0,64.45,293.55,135.9,5.75,5.15,62.0,14.55,0.9,181.0,236.0,-56.0,1,100,-5575.0,1025370.0,-0.5575,-0.0175,-0.0175
2017-01-11,2017-01-12 0:00,2017-01-11 10:30,2017-01-11 10:30,2017-01-11 10:30,2017-01-11 13:12:59,2017-01-11 13:12:59,18625.9,18600.0,18600.0,18600.0,19000.0,18300.0,58.35,172.0,82.65,16.0,0.9,9.55,7.25,2.4,133.0,176.0,-43.0,1,100,-4320.0,1021050.0,-0.432,-0.0218,-0.0218
2017-01-12,2017-01-12 0:00,2017-01-12 10:30,2017-01-12 10:30,2017-01-12 10:30,2017-01-12 15:01:59,2017-01-12 15:01:59,18860.0,18900.0,18900.0,18900.0,19200.0,18500.0,21.15,3.0,79.2,15.0,0.55,0.05,0.95,0.05,99.0,18.0,81.0,1,100,8095.0,1029145.0,0.8095,-0.0137,-0.0218
2017-01-13,2017-01-19 0:00,2017-01-13 10:30,2017-01-13 10:30,2017-01-13 10:30,2017-01-16 12:55:59,2017-01-16 12:55:59,18830.0,18800.0,18800.0,18800.0,19200.0,18500.0,131.7,290.0,137.45,41.45,26.7,59.45,42.6,11.95,200.0,260.0,-60.0,1,100,-6020.0,1023125.0,-0.602,-0.0198,-0.0218
2017-01-16,2017-01-19 0:00,2017-01-16 10:30,2017-01-16 10:30,2017-01-16 10:30,2017-01-19 15:06:59,2017-01-19 15:06:59,19005.2,19000.0,19000.0,19000.0,19400.0,18600.0,108.7,128.9,133.0,0.05,15.3,0.05,25.95,0.05,200.0,129.0,72.0,1,100,7160.0,1030285.0,0.716,-0.0126,-0.0218
2017-01-17,2017-01-19 0:00,2017-01-17 10:30,2017-01-17 10:30,2017-01-17 10:30,2017-01-19 15:03:59,2017-01-19 15:03:59,19164.35,19200.0,19200.0,19200.0,19500.0,18800.0,82.65,0.45,136.9,43.05,16.35,0.05,22.8,0.05,180.0,43.0,137.0,1,100,13700.0,1043985.0,1.37,0.0,-0.0218
2017-01-18,2017-01-19 0:00,2017-01-18 10:30,2017-01-18 10:30,2017-01-18 10:30,2017-01-19 10:04:59,2017-01-19 10:04:59,19290.15,19300.0,19300.0,19300.0,19700.0,18900.0,70.45,2.3,95.2,207.2,2.85,0.05,7.05,4.3,156.0,205.0,-49.0,1,100,-4940.0,1039045.0,-0.494,-0.0049,-0.0218
2017-01-19,2017-01-19 0:00,2017-01-19 10:30,2017-01-19 10:30,2017-01-19 10:30,2017-01-19 15:03:59,2017-01-19 15:03:59,19116.25,19100.0,19100.0,19100.0,19500.0,18700.0,38.9,42.05,46.1,0.2,0.15,0.05,0.25,0.05,85.0,42.0,42.0,1,100,4245.0,1043290.0,0.4245,-0.0007,-0.0218
2017-01-20,2017-01-25 0:00,2017-01-20 10:30,2017-01-20 10:30,2017-01-20 10:30,2017-01-25 14:34:59,2017-01-25 14:34:59,19002.5,19000.0,19000.0,19000.0,19400.0,18600.0,138.3,292.0,130.05,0.2,23.1,1.95,23.6,0.1,222.0,290.0,-68.0,1,100,-6850.0,1036440.0,-0.685,-0.0075,-0.0218
2017-01-23,2017-01-25 0:00,2017-01-23 10:30,2017-01-23 10:30,2017-01-23 10:30,2017-01-25 11:12:59,2017-01-25 11:12:59,18866.65,18900.0,18900.0,18900.0,19200.0,18500.0,94.0,260.1,124.95,0.65,18.05,22.3,18.2,0.25,183.0,238.0,-56.0,1,100,-5550.0,1030890.0,-0.555,-0.0131,-0.0218
2017-01-24,2017-01-25 0:00,2017-01-24 10:30,2017-01-24 10:30,2017-01-24 10:30,2017-01-25 12:37:59,2017-01-25 12:37:59,18984.1,19000.0,19000.0,19000.0,19400.0,18600.0,67.55,182.75,79.5,1.65,2.7,0.95,4.05,0.2,140.0,183.0,-43.0,1,100,-4295.0,1026595.0,-0.4295,-0.0174,-0.0218
2017-01-25,2017-01-25 0:00,2017-01-25 10:30,2017-01-25 10:30,2017-01-25 10:30,2017-01-25 13:01:59,2017-01-25 13:01:59,19148.0,19100.0,19100.0,19100.0,19500.0,18800.0,62.0,106.2,22.4,3.3,0.35,0.35,0.6,0.35,83.0,109.0,-25.0,1,100,-2535.0,1024060.0,-0.2535,-0.0199,-0.0218
2017-01-27,2017-02-02 0:00,2017-01-27 10:30,2017-01-27 10:30,2017-01-27 10:30,2017-02-02 15:16:59,2017-02-02 15:16:59,19765.0,19800.0,19800.0,19800.0,20200.0,19400.0,187.2,264.0,284.85,0.05,82.0,0.05,112.3,0.1,278.0,264.0,14.0,1,100,1385.0,1025445.0,0.1385,-0.0185,-0.0218
2017-01-30,2017-02-02 0:00,2017-01-30 10:30,2017-01-30 10:30,2017-01-30 10:30,2017-02-02 15:17:59,2017-02-02 15:17:59,19718.9,19700.0,19700.0,19700.0,20100.0,19300.0,241.0,349.0,275.0,0.05,111.4,0.15,105.5,0.1,299.0,349.0,-50.0,1,100,-4970.0,1020475.0,-0.497,-0.0235,-0.0235
2017-01-31,2017-02-02 0:00,2017-01-31 10:30,2017-01-31 10:30,2017-01-31 10:30,2017-02-01 14:46:59,2017-02-01 14:46:59,19549.05,19500.0,19500.0,19500.0,19900.0,19200.0,235.5,474.85,234.05,4.65,102.05,141.0,109.8,2.25,258.0,336.0,-79.0,1,100,-7855.0,1012620.0,-0.7855,-0.0314,-0.0314
2017-02-01,2017-02-02 0:00,2017-02-01 10:30,2017-02-01 10:30,2017-02-01 10:30,2017-02-02 13:13:59,2017-02-02 13:13:59,19627.75,19600.0,19600.0,19600.0,20000.0,19200.0,216.35,420.65,244.65,0.15,84.75,49.05,95.15,0.05,281.0,372.0,-91.0,1,100,-9060.0,1003560.0,-0.906,-0.0404,-0.0404
2017-02-02,2017-02-02 0:00,2017-02-02 10:30,2017-02-02 10:30,2017-02-02 10:30,2017-02-02 11:31:59,2017-02-02 11:31:59,20116.5,20100.0,20100.0,20100.0,20500.0,19700.0,40.4,9.7,71.45,141.6,0.85,0.25,1.0,2.35,110.0,149.0,-39.0,1,100,-3870.0,999690.0,-0.387,-0.0443,-0.0443
2017-02-03,2017-02-09 0:00,2017-02-03 10:30,2017-02-03 10:30,2017-02-03 10:30,2017-02-09 13:48:59,2017-02-09 13:48:59,20152.25,20200.0,20200.0,20200.0,20600.0,19700.0,141.95,28.35,232.0,27.25,33.85,0.35,50.8,0.25,289.0,55.0,234.0,1,100,23430.0,1023120.0,2.343,-0.0209,-0.0443
2017-02-06,2017-02-09 0:00,2017-02-06 10:30,2017-02-06 10:30,2017-02-06 10:30,2017-02-09 10:32:59,2017-02-09 10:32:59,20490.65,20500.0,20500.0,20500.0,20900.0,20100.0,145.5,1.95,194.25,413.3,36.0,0.1,50.5,80.75,253.0,334.0,-81.0,1,100,-8115.0,1015005.0,-0.8115,-0.029,-0.0443
2017-02-07,2017-02-09 0:00,2017-02-07 10:30,2017-02-07 10:30,2017-02-07 10:30,2017-02-09 15:15:59,2017-02-09 15:15:59,20384.85,20400.0,20400.0,20400.0,20800.0,20000.0,125.75,0.1,188.3,231.75,25.75,0.05,42.0,0.05,246.0,232.0,15.0,1,100,1455.0,1016460.0,0.1455,-0.0275,-0.0443
2017-02-08,2017-02-09 0:00,2017-02-08 10:30,2017-02-08 10:30,2017-02-08 10:30,2017-02-09 11:27:59,2017-02-09 11:27:59,20372.9,20400.0,20400.0,20400.0,20800.0,20000.0,113.8,1.2,177.9,352.0,20.45,0.05,38.0,44.25,233.0,309.0,-76.0,1,100,-7565.0,1008895.0,-0.7565,-0.0351,-0.0443
2017-02-09,2017-02-09 0:00,2017-02-09 10:30,2017-02-09 10:30,2017-02-09 10:30,2017-02-09 10:32:59,2017-02-09 10:32:59,20200.15,20200.0,20200.0,20200.0,20600.0,19800.0,39.15,27.0,82.0,139.75,0.9,0.9,3.2,8.6,117.0,157.0,-40.0,1,100,-4020.0,1004875.0,-0.402,-0.0391,-0.0443
2017-02-10,2017-02-16 0:00,2017-02-10 10:30,2017-02-10 10:30,2017-02-10 10:30,2017-02-16 14:39:59,2017-02-16 14:39:59,20326.15,20300.0,20300.0,20300.0,20700.0,19900.0,147.5,10.85,156.0,34.45,31.1,0.05,40.7,0.15,232.0,45.0,187.0,1,100,18660.0,1023535.0,1.866,-0.0204,-0.0443
2017-02-13,2017-02-16 0:00,2017-02-13 10:30,2017-02-13 10:30,2017-02-13 10:30,2017-02-16 14:44:59,2017-02-16 14:44:59,20290.1,20300.0,20300.0,20300.0,20700.0,19900.0,105.95,8.85,149.2,34.0,13.1,0.05,28.55,0.15,213.0,43.0,171.0,1,100,17085.0,1040620.0,1.7085,-0.0034,-0.0443
2017-02-14,2017-02-16 0:00,2017-02-14 10:30,2017-02-14 10:30,2017-02-14 10:30,2017-02-16 15:05:59,2017-02-16 15:05:59,20293.0,20300.0,20300.0,20300.0,20700.0,19900.0,91.95,0.75,132.7,37.7,8.85,0.05,21.45,0.05,194.0,38.0,156.0,1,100,15600.0,1056220.0,1.56,0.0,-0.0443
2017-02-15,2017-02-16 0:00,2017-02-15 10:30,2017-02-15 10:30,2017-02-15 10:30,2017-02-16 15:15:59,2017-02-16 15:15:59,20330.95,20300.0,20300.0,20300.0,20700.0,19900.0,88.3,0.25,84.0,46.05,3.6,0.05,9.15,0.05,160.0,46.0,113.0,1,100,11335.0,1067555.0,1.1335,0.0,-0.0443
2017-02-16,2017-02-16 0:00,2017-02-16 10:30,2017-02-16 10:30,2017-02-16 10:30,2017-02-16 11:34:59,2017-02-16 11:34:59,20140.4,20100.0,20100.0,20100.0,20500.0,19700.0,63.0,138.65,48.8,11.35,0.65,1.75,1.15,0.25,110.0,148.0,-38.0,1,100,-3800.0,1063755.0,-0.38,-0.0038,-0.0443
2017-02-17,2017-02-23 0:00,2017-02-17 10:30,2017-02-17 10:30,2017-02-17 10:30,2017-02-23 12:40:59,2017-02-23 12:40:59,20584.05,20600.0,20600.0,20600.0,21000.0,20200.0,149.5,352.75,168.25,1.15,29.0,38.9,47.1,0.2,242.0,315.0,-73.0,1,100,-7315.0,1056440.0,-0.7315,-0.0111,-0.0443
2017-02-20,2017-02-23 0:00,2017-02-20 10:30,2017-02-20 10:30,2017-02-20 10:30,2017-02-21 14:52:59,2017-02-21 14:52:59,20544.95,20500.0,20500.0,20500.0,21000.0,20100.0,153.15,305.15,110.8,19.55,14.0,22.2,21.25,4.05,229.0,298.0,-70.0,1,100,-6975.0,1049465.0,-0.6975,-0.0181,-0.0443
2017-02-21,2017-02-23 0:00,2017-02-21 10:30,2017-02-21 10:30,2017-02-21 10:30,2017-02-21 15:10:59,2017-02-21 15:10:59,20646.4,20600.0,20600.0,20600.0,21100.0,20200.0,133.0,280.0,90.6,19.45,6.05,22.0,10.55,4.85,207.0,273.0,-66.0,1,100,-6560.0,1042905.0,-0.656,-0.0247,-0.0443
2017-02-22,2017-02-23 0:00,2017-02-22 10:30,2017-02-22 10:30,2017-02-22 10:30,2017-02-23 15:06:59,2017-02-23 15:06:59,20878.0,20900.0,20900.0,20900.0,21100.0,20500.0,78.2,10.0,98.7,12.5,22.7,0.2,8.85,0.15,145.0,22.0,123.0,1,100,12320.0,1055225.0,1.232,-0.0123,-0.0443
2017-02-23,2017-02-23 0:00,2017-02-23 10:30,2017-02-23 10:30,2017-02-23 10:30,2017-02-23 15:06:59,2017-02-23 15:06:59,20892.85,20900.0,20900.0,20900.0,21100.0,20600.0,60.65,10.0,66.0,12.5,7.45,0.2,3.9,0.15,115.0,22.0,93.0,1,100,9315.0,1064540.0,0.9315,-0.003,-0.0443
2017-02-27,2017-03-02 0:00,2017-02-27 10:30,2017-02-27 10:30,2017-02-27 10:30,2017-03-02 14:10:59,2017-03-02 14:10:59,20752.0,20800.0,20800.0,20800.0,21200.0,20300.0,103.0,11.9,182.7,34.15,18.2,0.05,26.0,0.1,242.0,46.0,196.0,1,100,19560.0,1084100.0,1.956,0.0,-0.0443
2017-02-28,2017-03-02 0:00,2017-02-28 10:30,2017-02-28 10:30,2017-02-28 10:30,2017-03-02 14:39:59,2017-03-02 14:39:59,20719.95,20700.0,20700.0,20700.0,21100.0,20300.0,96.6,12.05,115.5,21.65,9.65,0.05,14.35,0.05,188.0,34.0,154.0,1,100,15450.0,1099550.0,1.545,0.0,-0.0443
2017-03-01,2017-03-02 0:00,2017-03-01 10:30,2017-03-01 10:30,2017-03-01 10:30,2017-03-02 14:45:59,2017-03-02 14:45:59,20865.85,20900.0,20900.0,20900.0,21300.0,20400.0,51.75,0.1,121.65,225.1,2.35,0.05,5.1,0.15,166.0,225.0,-59.0,1,100,-5905.0,1093645.0,-0.5905,-0.0059,-0.0443
2017-03-02,2017-03-02 0:00,2017-03-02 10:30,2017-03-02 10:30,2017-03-02 10:30,2017-03-02 14:45:59,2017-03-02 14:45:59,20889.5,20900.0,20900.0,20900.0,21300.0,20500.0,29.25,0.1,71.4,225.1,0.05,0.05,0.55,0.6,100.0,225.0,-124.0,1,100,-12450.0,1081195.0,-1.245,-0.0184,-0.0443
2017-03-03,2017-03-09 0:00,2017-03-03 10:30,2017-03-03 10:30,2017-03-03 10:30,2017-03-09 15:14:59,2017-03-09 15:14:59,20528.25,20500.0,20500.0,20500.0,20900.0,20100.0,144.2,217.0,151.6,0.05,28.65,0.05,37.85,0.1,229.0,217.0,12.0,1,100,1240.0,1082435.0,0.124,-0.0171,-0.0443
2017-03-06,2017-03-09 0:00,2017-03-06 10:30,2017-03-06 10:30,2017-03-06 10:30,2017-03-09 15:01:59,2017-03-09 15:01:59,20775.0,20800.0,20800.0,20800.0,21200.0,20400.0,89.65,4.9,155.45,33.8,7.75,0.05,27.25,0.05,210.0,39.0,172.0,1,100,17150.0,1099585.0,1.715,0.0,-0.0443
2017-03-07,2017-03-09 0:00,2017-03-07 10:30,2017-03-07 10:30,2017-03-07 10:30,2017-03-09 14:57:59,2017-03-09 14:57:59,20688.6,20700.0,20700.0,20700.0,21100.0,20300.0,84.45,29.25,128.3,8.55,7.1,0.1,16.85,0.05,189.0,38.0,151.0,1,100,15115.0,1114700.0,1.5115,0.0,-0.0443
2017-03-08,2017-03-09 0:00,2017-03-08 10:30,2017-03-08 10:30,2017-03-08 10:30,2017-03-08 11:19:59,2017-03-08 11:19:59,20757.95,20800.0,20800.0,20800.0,21200.0,20300.0,50.45,20.5,134.0,229.0,1.9,0.9,6.25,17.8,176.0,231.0,-54.0,1,100,-5450.0,1109250.0,-0.545,-0.0054,-0.0443
2017-03-09,2017-03-09 0:00,2017-03-09 10:30,2017-03-09 10:30,2017-03-09 10:30,2017-03-09 15:19:59,2017-03-09 15:19:59,20761.95,20800.0,20800.0,20800.0,21200.0,20300.0,25.05,0.1,107.75,83.75,0.15,0.05,1.3,0.05,131.0,84.0,48.0,1,100,4760.0,1114010.0,0.476,-0.0007,-0.0443
2017-03-10,2017-03-16 0:00,2017-03-10 10:30,2017-03-10 10:30,2017-03-10 10:30,2017-03-16 9:16:59,2017-03-16 9:16:59,20819.95,20800.0,20800.0,20800.0,21200.0,20400.0,201.1,459.0,217.0,0.75,68.7,97.95,71.5,0.1,278.0,362.0,-84.0,1,100,-8380.0,1105630.0,-0.838,-0.0091,-0.0443
2017-03-14,2017-03-16 0:00,2017-03-14 10:30,2017-03-14 10:30,2017-03-14 10:30,2017-03-16 14:41:59,2017-03-16 14:41:59,21183.55,21200.0,21200.0,21200.0,21600.0,20800.0,90.7,33.35,154.0,8.05,9.6,0.05,27.1,0.05,208.0,41.0,167.0,1,100,16670.0,1122300.0,1.667,0.0,-0.0443
2017-03-15,2017-03-16 0:00,2017-03-15 10:30,2017-03-15 10:30,2017-03-15 10:30,2017-03-16 15:05:59,2017-03-16 15:05:59,21255.9,21300.0,21300.0,21300.0,21700.0,20800.0,47.15,0.3,143.45,50.7,1.55,0.05,8.05,0.05,181.0,51.0,130.0,1,100,13010.0,1135310.0,1.301,0.0,-0.0443
2017-03-16,2017-03-16 0:00,2017-03-16 10:30,2017-03-16 10:30,2017-03-16 10:30,2017-03-16 15:19:59,2017-03-16 15:19:59,21291.05,21300.0,21300.0,21300.0,21600.0,20900.0,26.75,0.05,75.8,46.3,0.6,0.05,0.95,0.05,101.0,46.0,55.0,1,100,5475.0,1140785.0,0.5475,0.0,-0.0443
2017-03-17,2017-03-23 0:00,2017-03-17 10:30,2017-03-17 10:30,2017-03-17 10:30,2017-03-22 14:37:59,2017-03-22 14:37:59,21231.55,21200.0,21200.0,21200.0,21700.0,20800.0,129.25,2.3,124.7,335.2,9.2,0.4,19.5,42.95,225.0,294.0,-69.0,1,100,-6890.0,1133895.0,-0.689,-0.0069,-0.0443
2017-03-20,2017-03-23 0:00,2017-03-20 10:30,2017-03-20 10:30,2017-03-20 10:30,2017-03-22 09:16:59,2017-03-22 09:16:59,21155.05,21200.0,21200.0,21200.0,21600.0,20700.0,70.45,6.2,144.95,296.0,4.8,0.7,10.6,20.1,200.0,281.0,-81.0,1,100,-8140.0,1125755.0,-0.814,-0.015,-0.0443
2017-03-21,2017-03-23 0:00,2017-03-21 10:30,2017-03-21 10:30,2017-03-21 10:30,2017-03-22 09:20:59,2017-03-22 09:20:59,21146.1,21100.0,21100.0,21100.0,21600.0,20700.0,89.6,10.55,75.7,228.1,2.2,0.55,4.65,27.1,158.0,211.0,-53.0,1,100,-5255.0,1120500.0,-0.5255,-0.0203,-0.0443
2017-03-22,2017-03-23 0:00,2017-03-22 10:30,2017-03-22 10:30,2017-03-22 10:30,2017-03-23 15:03:59,2017-03-23 15:03:59,20921.15,20900.0,20900.0,20900.0,21300.0,20500.0,61.0,4.4,78.55,19.85,1.8,0.05,3.85,0.05,134.0,24.0,110.0,1,100,10975.0,1131475.0,1.0975,-0.0093,-0.0443
2017-03-23,2017-03-23 0:00,2017-03-23 10:30,2017-03-23 10:30,2017-03-23 10:30,2017-03-23 15:08:59,2017-03-23 15:08:59,20842.0,20800.0,20800.0,20800.0,21200.0,20400.0,39.6,103.85,35.95,0.2,0.15,0.05,0.25,0.05,75.0,104.0,-29.0,1,100,-2880.0,1128595.0,-0.288,-0.0122,-0.0443
2017-03-24,2017-03-30 0:00,2017-03-24 10:30,2017-03-24 10:30,2017-03-24 10:30,2017-03-30 15:00:59,2017-03-30 15:00:59,21161.05,21200.0,21200.0,21200.0,21600.0,20700.0,114.1,344.75,151.95,0.15,15.35,5.0,19.6,0.15,231.0,340.0,-109.0,1,100,-10865.0,1117730.0,-1.0865,-0.0231,-0.0443
2017-03-27,2017-03-30 0:00,2017-03-27 10:30,2017-03-27 10:30,2017-03-27 10:30,2017-03-29 11:59:59,2017-03-29 11:59:59,21086.8,21100.0,21100.0,21100.0,21500.0,20700.0,115.0,301.85,128.25,14.5,11.5,35.0,19.95,2.55,212.0,279.0,-67.0,1,100,-6700.0,1111030.0,-0.67,-0.0298,-0.0443
2017-03-28,2017-03-30 0:00,2017-03-28 10:30,2017-03-28 10:30,2017-03-28 10:30,2017-03-30 09:23:59,2017-03-30 09:23:59,21215.0,21200.0,21200.0,21200.0,21600.0,20800.0,101.7,232.75,92.0,3.55,6.4,5.1,10.75,0.35,177.0,231.0,-54.0,1,100,-5430.0,1105600.0,-0.543,-0.0352,-0.0443
2017-03-29,2017-03-30 0:00,2017-03-29 10:30,2017-03-29 10:30,2017-03-29 10:30,2017-03-30 13:17:59,2017-03-30 13:17:59,21301.0,21300.0,21300.0,21300.0,21800.0,20900.0,72.9,192.2,78.75,2.05,1.3,0.35,6.6,0.2,144.0,194.0,-50.0,1,100,-4995.0,1100605.0,-0.4995,-0.0402,-0.0443
2017-03-30,2017-03-30 0:00,2017-03-30 10:30,2017-03-30 10:30,2017-03-30 10:30,2017-03-30 15:04:59,2017-03-30 15:04:59,21472.8,21500.0,21500.0,21500.0,21900.0,21000.0,31.4,115.25,57.4,2.0,0.25,0.55,0.55,0.1,88.0,117.0,-29.0,1,100,-2860.0,1097745.0,-0.286,-0.043,-0.0443
2017-03-31,2017-04-06 0:00,2017-03-31 10:30,2017-03-31 10:30,2017-03-31 10:30,2017-04-06 15:17:59,2017-04-06 15:17:59,21546.6,21500.0,21500.0,21500.0,22000.0,21100.0,149.8,118.5,134.7,0.05,16.2,0.05,30.15,0.05,238.0,118.0,120.0,1,100,11970.0,1109715.0,1.197,-0.0311,-0.0443
2017-04-03,2017-04-06 0:00,2017-04-03 10:30,2017-04-03 10:30,2017-04-03 10:30,2017-04-06 15:17:59,2017-04-06 15:17:59,21487.9,21500.0,21500.0,21500.0,21900.0,21100.0,101.8,118.5,144.45,0.05,10.7,0.05,25.55,0.05,210.0,118.0,92.0,1,100,9155.0,1118870.0,0.9155,-0.0219,-0.0443
2017-04-05,2017-04-06 0:00,2017-04-05 10:30,2017-04-05 10:30,2017-04-05 10:30,2017-04-06 15:02:59,2017-04-06 15:02:59,21584.0,21600.0,21600.0,21600.0,22000.0,21200.0,60.2,20.15,108.6,7.05,2.0,0.05,8.9,0.1,158.0,27.0,131.0,1,100,13085.0,1131955.0,1.3085,-0.0088,-0.0443
2017-04-06,2017-04-06 0:00,2017-04-06 10:30,2017-04-06 10:30,2017-04-06 10:30,2017-04-06 15:03:59,2017-04-06 15:03:59,21615.7,21600.0,21600.0,21600.0,22000.0,21200.0,62.75,14.5,66.1,6.9,0.95,0.1,1.8,0.1,126.0,21.0,105.0,1,100,10490.0,1142445.0,1.049,0.0,-0.0443
2017-04-07,2017-04-13 0:00,2017-04-07 10:30,2017-04-07 10:30,2017-04-07 10:30,2017-04-13 15:09:59,2017-04-13 15:09:59,21605.05,21600.0,21600.0,21600.0,22000.0,21200.0,108.5,89.15,130.3,0.15,11.5,0.05,22.3,0.05,205.0,89.0,116.0,1,100,11580.0,1154025.0,1.158,0.0,-0.0443
2017-04-10,2017-04-13 0:00,2017-04-10 10:30,2017-04-10 10:30,2017-04-10 10:30,2017-04-12 12:55:59,2017-04-12 12:55:59,21453.0,21500.0,21500.0,21500.0,21900.0,21000.0,70.15,271.95,139.5,11.35,4.7,25.65,12.75,1.0,192.0,257.0,-64.0,1,100,-6445.0,1147580.0,-0.6445,-0.0064,-0.0443
2017-04-11,2017-04-13 0:00,2017-04-11 10:30,2017-04-11 10:30,2017-04-11 10:30,2017-04-13 15:07:59,2017-04-13 15:07:59,21639.05,21600.0,21600.0,21600.0,22100.0,21200.0,96.05,89.55,84.0,0.2,1.95,0.05,10.5,0.05,168.0,90.0,78.0,1,100,7795.0,1155375.0,0.7795,0.0,-0.0443
2017-04-12,2017-04-13 0:00,2017-04-12 10:30,2017-04-12 10:30,2017-04-12 10:30,2017-04-12 12:55:59,2017-04-12 12:55:59,21629.05,21600.0,21600.0,21600.0,22100.0,21200.0,77.2,182.85,80.2,21.45,1.2,3.2,7.65,2.25,149.0,199.0,-50.0,1,100,-5030.0,1150345.0,-0.503,-0.005,-0.0443
2017-04-13,2017-04-13 0:00,2017-04-13 10:30,2017-04-13 10:30,2017-04-13 10:30,2017-04-13 15:07:59,2017-04-13 15:07:59,21765.0,21800.0,21800.0,21800.0,22100.0,21300.0,20.35,0.2,89.3,95.5,0.3,0.05,0.5,0.05,109.0,96.0,13.0,1,100,1325.0,1151670.0,0.1325,-0.0037,-0.0443
2017-04-17,2017-04-20 0:00,2017-04-17 10:30,2017-04-17 10:30,2017-04-17 10:30,2017-04-20 15:16:59,2017-04-20 15:16:59,21665.0,21700.0,21700.0,21700.0,22100.0,21200.0,80.0,0.05,147.55,192.25,5.15,0.05,17.85,0.1,205.0,192.0,12.0,1,100,1240.0,1152910.0,0.124,-0.0025,-0.0443
2017-04-18,2017-04-20 0:00,2017-04-18 10:30,2017-04-18 10:30,2017-04-18 10:30,2017-04-18 15:01:59,2017-04-18 15:01:59,21929.25,21900.0,21900.0,21900.0,22400.0,21500.0,95.45,20.1,99.55,258.0,3.1,0.85,14.1,46.1,178.0,231.0,-53.0,1,100,-5335.0,1147575.0,-0.5335,-0.0078,-0.0443
2017-04-19,2017-04-20 0:00,2017-04-19 10:30,2017-04-19 10:30,2017-04-19 10:30,2017-04-20 15:16:59,2017-04-20 15:16:59,21619.95,21600.0,21600.0,21600.0,22100.0,21200.0,88.85,0.05,93.35,100.0,2.6,0.05,10.45,0.1,169.0,100.0,69.0,1,100,6925.0,1154500.0,0.6925,-0.0009,-0.0443
2017-04-20,2017-04-20 0:00,2017-04-20 10:30,2017-04-20 10:30,2017-04-20 10:30,2017-04-20 15:10:59,2017-04-20 15:10:59,21526.7,21500.0,21500.0,21500.0,22000.0,21100.0,40.05,2.3,44.75,11.7,0.1,0.05,0.4,0.1,84.0,14.0,70.0,1,100,7045.0,1161545.0,0.7045,0.0,-0.0443
2017-04-21,2017-04-27 0:00,2017-04-21 10:30,2017-04-21 10:30,2017-04-21 10:30,2017-04-25 14:41:59,2017-04-25 14:41:59,21554.1,21600.0,21600.0,21600.0,22000.0,21100.0,124.0,385.0,166.1,15.75,18.45,76.2,27.55,3.95,244.0,321.0,-76.0,1,100,-7650.0,1153895.0,-0.765,-0.0076,-0.0443
2017-04-24,2017-04-27 0:00,2017-04-24 10:30,2017-04-24 10:30,2017-04-24 10:30,2017-04-25 15:18:59,2017-04-25 15:18:59,21668.85,21700.0,21700.0,21700.0,22100.0,21200.0,103.65,304.95,135.5,19.15,8.95,43.45,18.55,5.35,212.0,275.0,-64.0,1,100,-6365.0,1147530.0,-0.6365,-0.014,-0.0443
2017-04-25,2017-04-27 0:00,2017-04-25 10:30,2017-04-25 10:30,2017-04-25 10:30,2017-04-26 09:30:59,2017-04-26 09:30:59,21898.0,21900.0,21900.0,21900.0,22300.0,21500.0,98.95,246.3,102.95,23.0,6.7,28.4,15.7,5.35,180.0,236.0,-56.0,1,100,-5605.0,1141925.0,-0.5605,-0.0196,-0.0443
2017-04-26,2017-04-27 0:00,2017-04-26 10:30,2017-04-26 10:30,2017-04-26 10:30,2017-04-27 15:16:59,2017-04-27 15:16:59,22183.95,22200.0,22200.0,22200.0,22600.0,21700.0,86.0,120.3,101.7,0.1,5.65,0.05,8.95,0.05,173.0,120.0,53.0,1,100,5280.0,1147205.0,0.528,-0.0143,-0.0443
2017-04-27,2017-04-27 0:00,2017-04-27 10:30,2017-04-27 10:30,2017-04-27 10:30,2017-04-27 13:12:59,2017-04-27 13:12:59,22204.65,22200.0,22200.0,22200.0,22600.0,21700.0,47.8,113.6,46.45,12.95,0.4,0.85,0.75,0.3,93.0,125.0,-32.0,1,100,-3230.0,1143975.0,-0.323,-0.0176,-0.0443
2017-04-28,2017-05-04 0:00,2017-04-28 10:30,2017-04-28 10:30,2017-04-28 10:30,2017-05-04 13:34:59,2017-05-04 13:34:59,22251.55,22300.0,22300.0,22300.0,22700.0,21800.0,87.1,315.0,175.9,0.4,9.45,7.45,24.6,0.05,229.0,308.0,-79.0,1,100,-7895.0,1136080.0,-0.7895,-0.0255,-0.0443
2017-05-02,2017-05-04 0:00,2017-05-02 10:30,2017-05-02 10:30,2017-05-02 10:30,2017-05-04 13:56:59,2017-05-04 13:56:59,22443.0,22400.0,22400.0,22400.0,22900.0,22000.0,105.0,242.65,100.05,0.4,3.55,0.15,15.75,0.05,186.0,243.0,-57.0,1,100,-5710.0,1130370.0,-0.571,-0.0312,-0.0443
2017-05-03,2017-05-04 0:00,2017-05-03 10:30,2017-05-03 10:30,2017-05-03 10:30,2017-05-04 10:15:59,2017-05-04 10:15:59,22340.0,22300.0,22300.0,22300.0,22800.0,21900.0,93.65,230.0,93.85,1.85,2.95,1.0,9.0,0.05,176.0,231.0,-55.0,1,100,-5525.0,1124845.0,-0.5525,-0.0367,-0.0443
2017-05-04,2017-05-04 0:00,2017-05-04 10:30,2017-05-04 10:30,2017-05-04 10:30,2017-05-04 14:30:59,2017-05-04 14:30:59,22554.95,22600.0,22600.0,22600.0,23000.0,22100.0,17.3,124.55,74.7,0.95,0.05,0.15,0.35,0.05,92.0,125.0,-34.0,1,100,-3370.0,1121475.0,-0.337,-0.0401,-0.0443
2017-05-05,2017-05-11 0:00,2017-05-05 10:30,2017-05-05 10:30,2017-05-05 10:30,2017-05-11 15:19:59,2017-05-11 15:19:59,22742.85,22700.0,22700.0,22700.0,23200.0,22300.0,155.3,127.5,152.8,0.05,18.6,0.05,38.15,0.1,251.0,127.0,124.0,1,100,12395.0,1133870.0,1.2395,-0.0277,-0.0443
2017-05-08,2017-05-11 0:00,2017-05-08 10:30,2017-05-08 10:30,2017-05-08 10:30,2017-05-11 15:06:59,2017-05-11 15:06:59,22768.0,22800.0,22800.0,22800.0,23200.0,22300.0,97.95,33.05,159.25,1.75,10.75,0.05,19.65,0.05,227.0,35.0,192.0,1,100,19210.0,1153080.0,1.921,-0.0085,-0.0443
2017-05-09,2017-05-11 0:00,2017-05-09 10:30,2017-05-09 10:30,2017-05-09 10:30,2017-05-11 15:19:59,2017-05-11 15:19:59,22736.1,22700.0,22700.0,22700.0,23200.0,22300.0,106.25,127.5,107.4,0.05,4.85,0.05,16.5,0.1,192.0,127.0,65.0,1,100,6490.0,1159570.0,0.649,-0.002,-0.0443
2017-05-10,2017-05-11 0:00,2017-05-10 10:30,2017-05-10 10:30,2017-05-10 10:30,2017-05-11 15:15:59,2017-05-11 15:15:59,22843.5,22800.0,22800.0,22800.0,23300.0,22400.0,92.1,37.1,73.4,0.15,1.35,0.05,6.55,0.05,158.0,37.0,120.0,1,100,12045.0,1171615.0,1.2045,0.0,-0.0443
2017-05-11,2017-05-11 0:00,2017-05-11 10:30,2017-05-11 10:30,2017-05-11 10:30,2017-05-11 15:15:59,2017-05-11 15:15:59,22918.95,22900.0,22900.0,22900.0,23300.0,22500.0,42.1,0.15,36.1,47.95,0.1,0.05,0.35,0.05,78.0,48.0,30.0,1,100,2975.0,1174590.0,0.2975,0.0,-0.0443
2017-05-12,2017-05-18 0:00,2017-05-12 10:30,2017-05-12 10:30,2017-05-12 10:30,2017-05-18 15:11:59,2017-05-18 15:11:59,22777.0,22800.0,22800.0,22800.0,23200.0,22300.0,102.35,0.1,148.05,78.35,11.9,0.05,21.0,0.05,218.0,78.0,139.0,1,100,13915.0,1188505.0,1.3915,0.0,-0.0443
2017-05-15,2017-05-18 0:00,2017-05-15 10:30,2017-05-15 10:30,2017-05-15 10:30,2017-05-18 14:45:59,2017-05-18 14:45:59,22833.3,22800.0,22800.0,22800.0,23300.0,22400.0,106.0,1.8,95.85,74.35,3.05,0.05,12.3,0.15,186.0,76.0,111.0,1,100,11055.0,1199560.0,1.1055,0.0,-0.0443
2017-05-16,2017-05-18 0:00,2017-05-16 10:30,2017-05-16 10:30,2017-05-16 10:30,2017-05-18 15:11:59,2017-05-18 15:11:59,22789.4,22800.0,22800.0,22800.0,23200.0,22300.0,84.8,0.1,103.4,78.35,4.8,0.05,7.0,0.05,176.0,78.0,98.0,1,100,9805.0,1209365.0,0.9805,0.0,-0.0443
2017-05-17,2017-05-18 0:00,2017-05-17 10:30,2017-05-17 10:30,2017-05-17 10:30,2017-05-18 14:29:59,2017-05-18 14:29:59,22924.05,22900.0,22900.0,22900.0,23400.0,22500.0,80.8,0.75,71.0,129.0,1.1,0.05,6.1,0.25,145.0,129.0,15.0,1,100,1515.0,1210880.0,0.1515,0.0,-0.0443
2017-05-18,2017-05-18 0:00,2017-05-18 10:30,2017-05-18 10:30,2017-05-18 10:30,2017-05-18 15:11:59,2017-05-18 15:11:59,22755.0,22800.0,22800.0,22800.0,23200.0,22300.0,20.6,0.1,67.3,78.35,0.15,0.05,0.35,0.05,87.0,78.0,9.0,1,100,905.0,1211785.0,0.0905,0.0,-0.0443
2017-05-19,2017-05-25 0:00,2017-05-19 10:30,2017-05-19 10:30,2017-05-19 10:30,2017-05-23 09:22:59,2017-05-23 09:22:59,22880.7,22900.0,22900.0,22900.0,23300.0,22400.0,118.35,21.0,138.9,317.5,13.75,2.1,21.95,46.1,222.0,290.0,-69.0,1,100,-6875.0,1204910.0,-0.6875,-0.0069,-0.0443
2017-05-22,2017-05-25 0:00,2017-05-22 10:30,2017-05-22 10:30,2017-05-22 10:30,2017-05-23 09:47:59,2017-05-23 09:47:59,22786.65,22800.0,22800.0,22800.0,23200.0,22300.0,110.15,29.75,125.75,289.0,10.65,3.6,16.65,43.7,209.0,271.0,-63.0,1,100,-6285.0,1198625.0,-0.6285,-0.0132,-0.0443
2017-05-23,2017-05-25 0:00,2017-05-23 10:30,2017-05-23 10:30,2017-05-23 10:30,2017-05-23 13:56:59,2017-05-23 13:56:59,22549.3,22500.0,22500.0,22500.0,23000.0,22100.0,128.35,255.15,91.0,31.1,9.05,21.1,12.75,5.75,198.0,259.0,-62.0,1,100,-6185.0,1192440.0,-0.6185,-0.0193,-0.0443
2017-05-24,2017-05-25 0:00,2017-05-24 10:30,2017-05-24 10:30,2017-05-24 10:30,2017-05-25 13:21:59,2017-05-25 13:21:59,22605.55,22600.0,22600.0,22600.0,23100.0,22200.0,85.9,239.35,88.1,2.4,2.75,2.0,8.25,0.4,163.0,239.0,-76.0,1,100,-7635.0,1184805.0,-0.7635,-0.027,-0.0443
2017-05-25,2017-05-25 0:00,2017-05-25 10:30,2017-05-25 10:30,2017-05-25 10:30,2017-05-25 13:10:59,2017-05-25 13:10:59,22695.0,22700.0,22700.0,22700.0,23100.0,22200.0,37.75,104.0,51.55,13.55,0.2,0.85,0.8,0.5,88.0,116.0,-28.0,1,100,-2790.0,1182015.0,-0.279,-0.0298,-0.0443
2017-05-26,2017-06-01 0:00,2017-05-26 10:30,2017-05-26 10:30,2017-05-26 10:30,2017-06-01 15:11:59,2017-06-01 15:11:59,23114.2,23100.0,23100.0,23100.0,23600.0,22700.0,163.0,196.55,166.9,0.05,24.1,0.05,47.55,0.05,258.0,196.0,62.0,1,100,6175.0,1188190.0,0.6175,-0.0236,-0.0443
2017-05-29,2017-06-01 0:00,2017-05-29 10:30,2017-05-29 10:30,2017-05-29 10:30,2017-06-01 15:11:59,2017-06-01 15:11:59,23160.0,23200.0,23200.0,23200.0,23600.0,22700.0,126.3,99.2,169.2,0.1,24.0,0.05,30.15,0.05,241.0,99.0,142.0,1,100,14215.0,1202405.0,1.4215,-0.0094,-0.0443
2017-05-30,2017-06-01 0:00,2017-05-30 10:30,2017-05-30 10:30,2017-05-30 10:30,2017-06-01 15:11:59,2017-06-01 15:11:59,23196.65,23200.0,23200.0,23200.0,23700.0,22700.0,124.9,99.2,121.6,0.1,9.25,0.05,15.85,0.05,221.0,99.0,122.0,1,100,12220.0,1214625.0,1.222,0.0,-0.0443
2017-05-31,2017-06-01 0:00,2017-05-31 10:30,2017-05-31 10:30,2017-05-31 10:30,2017-06-01 15:19:59,2017-06-01 15:19:59,23243.95,23200.0,23200.0,23200.0,23700.0,22800.0,138.0,104.95,69.35,0.05,4.95,0.05,8.4,0.05,194.0,105.0,89.0,1,100,8910.0,1223535.0,0.891,0.0,-0.0443
2017-06-01,2017-06-01 0:00,2017-06-01 10:30,2017-06-01 10:30,2017-06-01 10:30,2017-06-01 15:01:59,2017-06-01 15:01:59,23295.05,23300.0,23300.0,23300.0,23800.0,22800.0,79.5,9.95,33.6,8.75,0.25,0.05,0.85,0.05,112.0,19.0,93.0,1,100,9340.0,1232875.0,0.934,0.0,-0.0443
2017-06-02,2017-06-08 0:00,2017-06-02 10:30,2017-06-02 10:30,2017-06-02 10:30,2017-06-08 09:15:59,2017-06-08 09:15:59,23318.8,23300.0,23300.0,23300.0,23800.0,22900.0,175.35,334.6,118.0,2.4,21.5,8.0,21.0,0.1,251.0,329.0,-78.0,1,100,-7805.0,1225070.0,-0.7805,-0.0078,-0.0443
2017-06-05,2017-06-08 0:00,2017-06-05 10:30,2017-06-05 10:30,2017-06-05 10:30,2017-06-08 15:16:59,2017-06-08 15:16:59,23381.05,23400.0,23400.0,23400.0,23800.0,22900.0,127.95,136.7,122.7,0.1,15.1,0.05,12.4,0.05,223.0,137.0,86.0,1,100,8645.0,1233715.0,0.8645,0.0,-0.0443
2017-06-06,2017-06-08 0:00,2017-06-06 10:30,2017-06-06 10:30,2017-06-06 10:30,2017-06-08 15:13:59,2017-06-08 15:13:59,23419.9,23400.0,23400.0,23400.0,23900.0,23000.0,144.85,130.4,95.8,0.1,7.95,0.05,16.45,0.05,216.0,130.0,86.0,1,100,8585.0,1242300.0,0.8585,0.0,-0.0443
2017-06-07,2017-06-08 0:00,2017-06-07 10:30,2017-06-07 10:30,2017-06-07 10:30,2017-06-08 15:07:59,2017-06-08 15:07:59,23490.0,23500.0,23500.0,23500.0,24000.0,23000.0,108.55,37.4,108.0,1.8,5.4,0.1,10.85,0.1,200.0,39.0,161.0,1,100,16130.0,1258430.0,1.613,0.0,-0.0443
2017-06-08,2017-06-08 0:00,2017-06-08 10:30,2017-06-08 10:30,2017-06-08 10:30,2017-06-08 15:14:59,2017-06-08 15:14:59,23599.75,23600.0,23600.0,23600.0,24000.0,23100.0,48.4,0.15,40.25,55.0,0.5,0.05,0.75,0.1,87.0,55.0,32.0,1,100,3240.0,1261670.0,0.324,0.0,-0.0443
2017-06-09,2017-06-15 0:00,2017-06-09 10:30,2017-06-09 10:30,2017-06-09 10:30,2017-06-15 15:11:59,2017-06-15 15:11:59,23515.1,23500.0,23500.0,23500.0,24000.0,23000.0,144.9,0.1,120.15,103.65,11.0,0.05,15.0,0.1,239.0,104.0,135.0,1,100,13545.0,1275215.0,1.3545,0.0,-0.0443
2017-06-12,2017-06-15 0:00,2017-06-12 10:30,2017-06-12 10:30,2017-06-12 10:30,2017-06-15 15:11:59,2017-06-15 15:11:59,23540.0,23500.0,23500.0,23500.0,24000.0,23100.0,153.85,0.1,84.5,103.65,9.2,0.05,13.5,0.05,216.0,104.0,112.0,1,100,11200.0,1286415.0,1.12,0.0,-0.0443
2017-06-13,2017-06-15 0:00,2017-06-13 10:30,2017-06-13 10:30,2017-06-13 10:30,2017-06-15 15:11:59,2017-06-15 15:11:59,23521.0,23500.0,23500.0,23500.0,24000.0,23100.0,128.85,0.1,74.45,103.65,6.25,0.05,8.5,0.05,189.0,104.0,85.0,1,100,8490.0,1294905.0,0.849,0.0,-0.0443
2017-06-14,2017-06-15 0:00,2017-06-14 10:30,2017-06-14 10:30,2017-06-14 10:30,2017-06-15 14:52:59,2017-06-15 14:52:59,23399.45,23400.0,23400.0,23400.0,23900.0,22900.0,119.0,6.0,81.0,29.0,4.35,0.1,4.6,0.05,191.0,35.0,156.0,1,100,15620.0,1310525.0,1.562,0.0,-0.0443
2017-06-15,2017-06-15 0:00,2017-06-15 10:30,2017-06-15 10:30,2017-06-15 10:30,2017-06-15 15:03:59,2017-06-15 15:03:59,23414.95,23400.0,23400.0,23400.0,23900.0,23000.0,51.25,5.7,33.25,9.05,0.15,0.1,0.7,0.05,84.0,15.0,69.0,1,100,6905.0,1317430.0,0.6905,0.0,-0.0443
2017-06-16,2017-06-22 0:00,2017-06-16 10:30,2017-06-16 10:30,2017-06-16 10:30,2017-06-19 14:03:59,2017-06-19 14:03:59,23448.95,23400.0,23400.0,23400.0,23900.0,23000.0,151.05,288.5,87.9,24.85,9.55,24.9,14.45,4.7,215.0,284.0,-69.0,1,100,-6880.0,1310550.0,-0.688,-0.0069,-0.0443
2017-06-19,2017-06-22 0:00,2017-06-19 10:30,2017-06-19 10:30,2017-06-19 10:30,2017-06-19 14:13:59,2017-06-19 14:13:59,23541.05,23500.0,23500.0,23500.0,24000.0,23100.0,131.0,232.0,71.95,39.55,4.5,16.5,7.6,6.4,191.0,249.0,-58.0,1,100,-5780.0,1304770.0,-0.578,-0.0127,-0.0443
2017-06-20,2017-06-22 0:00,2017-06-20 10:30,2017-06-20 10:30,2017-06-20 10:30,2017-06-22 15:01:59,2017-06-22 15:01:59,23722.5,23700.0,23700.0,23700.0,24200.0,23200.0,116.5,21.3,76.0,4.35,5.2,0.05,5.55,0.05,182.0,26.0,156.0,1,100,15620.0,1320390.0,1.562,0.0,-0.0443
2017-06-21,2017-06-22 0:00,2017-06-21 10:30,2017-06-21 10:30,2017-06-21 10:30,2017-06-22 11:03:59,2017-06-22 11:03:59,23656.85,23700.0,23700.0,23700.0,24100.0,23200.0,55.05,187.25,86.5,2.8,2.2,3.8,2.9,0.05,136.0,186.0,-50.0,1,100,-4975.0,1315415.0,-0.4975,-0.005,-0.0443
2017-06-22,2017-06-22 0:00,2017-06-22 10:30,2017-06-22 10:30,2017-06-22 10:30,2017-06-22 10:49:59,2017-06-22 10:49:59,23797.0,23800.0,23800.0,23800.0,24200.0,23300.0,39.65,87.25,32.0,13.15,0.3,0.9,0.25,0.15,71.0,99.0,-28.0,1,100,-2825.0,1312590.0,-0.2825,-0.0078,-0.0443
2017-06-23,2017-06-29 0:00,2017-06-23 10:30,2017-06-23 10:30,2017-06-23 10:30,2017-06-27 13:15:59,2017-06-27 13:15:59,23615.5,23600.0,23600.0,23600.0,24100.0,23100.0,141.45,21.35,116.35,343.0,12.45,3.3,18.3,61.7,227.0,299.0,-72.0,1,100,-7230.0,1305360.0,-0.723,-0.015,-0.0443
2017-06-27,2017-06-29 0:00,2017-06-27 10:30,2017-06-27 10:30,2017-06-27 10:30,2017-06-27 13:54:59,2017-06-27 13:54:59,23369.35,23400.0,23400.0,23400.0,23800.0,22900.0,106.25,29.2,136.95,307.5,15.25,6.35,22.1,55.25,206.0,275.0,-69.0,1,100,-6925.0,1298435.0,-0.6925,-0.022,-0.0443
2017-06-28,2017-06-29 0:00,2017-06-28 10:30,2017-06-28 10:30,2017-06-28 10:30,2017-06-29 9:34:59,2017-06-29 9:34:59,23208.0,23200.0,23200.0,23200.0,23700.0,22700.0,105.15,246.6,102.7,8.65,6.95,8.6,13.0,0.8,188.0,246.0,-58.0,1,100,-5795.0,1292640.0,-0.5795,-0.0277,-0.0443
2017-06-29,2017-06-29 0:00,2017-06-29 10:30,2017-06-29 10:30,2017-06-29 10:30,2017-06-29 12:56:59,2017-06-29 12:56:59,23385.45,23400.0,23400.0,23400.0,23900.0,22900.0,54.4,17.5,66.75,143.35,1.05,0.4,1.8,5.15,118.0,155.0,-37.0,1,100,-3700.0,1288940.0,-0.37,-0.0314,-0.0443
2017-06-30,2017-07-06 0:00,2017-06-30 10:30,2017-06-30 10:30,2017-06-30 10:30,2017-07-06 9:46:59,2017-07-06 9:46:59,23107.0,23100.0,23100.0,23100.0,23600.0,22600.0,155.95,340.5,151.7,1.3,19.0,8.15,33.8,0.05,255.0,334.0,-79.0,1,100,-7875.0,1281065.0,-0.7875,-0.0393,-0.0443
2017-07-03,2017-07-06 0:00,2017-07-03 10:30,2017-07-03 10:30,2017-07-03 10:30,2017-07-06 14:00:59,2017-07-06 14:00:59,23250.0,23200.0,23200.0,23200.0,23700.0,22800.0,153.0,301.2,108.5,0.35,13.15,1.15,24.95,0.1,223.0,300.0,-77.0,1,100,-7690.0,1273375.0,-0.769,-0.047,-0.047
2017-07-04,2017-07-06 0:00,2017-07-04 10:30,2017-07-04 10:30,2017-07-04 10:30,2017-07-06 15:17:59,2017-07-06 15:17:59,23292.0,23300.0,23300.0,23300.0,23800.0,22800.0,99.7,144.0,116.4,0.1,4.95,0.05,14.0,0.05,197.0,144.0,53.0,1,100,5315.0,1278690.0,0.5315,-0.0417,-0.047
2017-07-05,2017-07-06 0:00,2017-07-05 10:30,2017-07-05 10:30,2017-07-05 10:30,2017-07-06 12:31:59,2017-07-06 12:31:59,23329.0,23300.0,23300.0,23300.0,23800.0,22900.0,84.4,203.0,78.9,2.55,2.05,0.6,7.8,0.15,153.0,205.0,-51.0,1,100,-5135.0,1273555.0,-0.5135,-0.0468,-0.047
2017-07-06,2017-07-06 0:00,2017-07-06 10:30,2017-07-06 10:30,2017-07-06 10:30,2017-07-06 15:00:59,2017-07-06 15:00:59,23495.0,23500.0,23500.0,23500.0,24000.0,23000.0,26.6,5.6,68.9,13.1,0.05,0.05,0.5,0.1,95.0,19.0,76.0,1,100,7640.0,1281195.0,0.764,-0.0392,-0.047
2017-07-07,2017-07-13 0:00,2017-07-07 10:30,2017-07-07 10:30,2017-07-07 10:30,2017-07-11 10:04:59,2017-07-11 10:04:59,23446.05,23400.0,23400.0,23400.0,23900.0,23000.0,139.45,315.3,116.75,15.55,7.95,35.0,23.6,2.35,225.0,294.0,-69.0,1,100,-6885.0,1274310.0,-0.6885,-0.0461,-0.047
2017-07-11,2017-07-13 0:00,2017-07-11 10:30,2017-07-11 10:30,2017-07-11 10:30,2017-07-13 15:10:59,2017-07-13 15:10:59,23697.0,23700.0,23700.0,23700.0,24200.0,23200.0,87.85,177.95,104.0,0.05,3.6,0.1,6.9,0.05,181.0,178.0,4.0,1,100,350.0,1274660.0,0.035,-0.0457,-0.047
2017-07-12,2017-07-13 0:00,2017-07-12 10:30,2017-07-12 10:30,2017-07-12 10:30,2017-07-13 9:15:59,2017-07-13 9:15:59,23577.8,23600.0,23600.0,23600.0,24000.0,23100.0,50.15,226.95,94.7,2.9,2.25,11.0,2.9,0.2,140.0,219.0,-79.0,1,100,-7895.0,1266765.0,-0.7895,-0.0536,-0.0536
2017-07-13,2017-07-13 0:00,2017-07-13 10:30,2017-07-13 10:30,2017-07-13 10:30,2017-07-13 14:59:59,2017-07-13 14:59:59,23904.0,23900.0,23900.0,23900.0,24300.0,23400.0,44.85,9.0,43.25,5.3,0.4,0.1,0.5,0.15,87.0,14.0,73.0,1,100,7315.0,1274080.0,0.7315,-0.0463,-0.0536
2017-07-14,2017-07-20 0:00,2017-07-14 10:30,2017-07-14 10:30,2017-07-14 10:30,2017-07-18 10:02:59,2017-07-18 10:02:59,23826.15,23800.0,23800.0,23800.0,24300.0,23300.0,139.5,321.7,123.0,26.9,11.8,35.5,15.25,4.2,235.0,309.0,-73.0,1,100,-7345.0,1266735.0,-0.7345,-0.0537,-0.0537
2017-07-17,2017-07-20 0:00,2017-07-17 10:30,2017-07-17 10:30,2017-07-17 10:30,2017-07-20 14:59:50,2017-07-20 14:59:50,23976.45,24000.0,24000.0,24000.0,24500.0,23500.0,101.55,224.5,127.0,0.1,7.05,0.05,13.7,0.05,208.0,224.0,-17.0,1,100,-1670.0,1265065.0,-0.167,-0.0553,-0.0553
2017-07-18,2017-07-20 0:00,2017-07-18 10:30,2017-07-18 10:30,2017-07-18 10:30,2017-07-20 15:14:50,2017-07-20 15:14:50,24107.8,24100.0,24100.0,24100.0,24600.0,23600.0,101.1,97.05,102.7,0.1,4.85,0.05,13.0,0.1,186.0,97.0,89.0,1,100,8895.0,1273960.0,0.8895,-0.0464,-0.0553
2017-07-19,2017-07-20 0:00,2017-07-19 10:30,2017-07-19 10:30,2017-07-19 10:30,2017-07-20 15:14:50,2017-07-20 15:14:50,24142.55,24100.0,24100.0,24100.0,24600.0,23700.0,93.05,97.05,67.55,0.1,1.95,0.05,6.7,0.05,152.0,97.0,55.0,1,100,5490.0,1279450.0,0.549,-0.0409,-0.0553
2017-07-21,2017-07-27 0:00,2017-07-21 10:30,2017-07-21 10:30,2017-07-21 10:30,2017-07-25 9:18:59,2017-07-25 9:18:59,24234.95,24200.0,24200.0,24200.0,24700.0,23800.0,158.75,349.7,117.95,15.95,14.8,43.25,22.85,5.75,239.0,317.0,-78.0,1,100,-7760.0,1271690.0,-0.776,-0.0487,-0.0553
2017-07-24,2017-07-27 0:00,2017-07-24 10:30,2017-07-24 10:30,2017-07-24 10:30,2017-07-26 15:06:59,2017-07-26 15:06:59,24374.0,24400.0,24400.0,24400.0,24900.0,23900.0,103.05,280.05,119.6,8.15,5.35,17.65,15.7,2.9,202.0,268.0,-66.0,1,100,-6605.0,1265085.0,-0.6605,-0.0553,-0.0553
2017-07-25,2017-07-27 0:00,2017-07-25 10:30,2017-07-25 10:30,2017-07-25 10:30,2017-07-27 9:16:59,2017-07-27 9:16:59,24481.0,24500.0,24500.0,24500.0,25000.0,24000.0,99.15,330.85,105.1,4.7,5.95,16.3,11.75,0.75,187.0,318.0,-132.0,1,100,-13195.0,1251890.0,-1.3195,-0.0685,-0.0685
2017-07-26,2017-07-27 0:00,2017-07-26 10:30,2017-07-26 10:30,2017-07-26 10:30,2017-07-26 15:07:59,2017-07-26 15:07:59,24548.45,24500.0,24500.0,24500.0,25000.0,24100.0,115.5,220.1,54.55,18.65,2.2,10.8,6.25,3.75,162.0,224.0,-63.0,1,100,-6260.0,1245630.0,-0.626,-0.0748,-0.0748
2017-07-27,2017-07-27 0:00,2017-07-27 10:30,2017-07-27 10:30,2017-07-27 10:30,2017-07-27 11:38:59,2017-07-27 11:38:59,24880.35,24900.0,24900.0,24900.0,25300.0,24400.0,53.45,124.5,52.3,18.0,1.25,3.95,1.75,1.2,103.0,137.0,-35.0,1,100,-3460.0,1242170.0,-0.346,-0.0782,-0.0782
2017-07-28,2017-08-03 0:00,2017-07-28 10:30,2017-07-28 10:30,2017-07-28 10:30,2017-08-03 15:18:59,2017-08-03 15:18:59,24943.35,24900.0,24900.0,24900.0,25400.0,24400.0,152.4,0.05,134.7,206.0,20.65,0.05,25.95,0.05,241.0,206.0,35.0,1,100,3455.0,1245625.0,0.3455,-0.0748,-0.0782
2017-07-31,2017-08-03 0:00,2017-07-31 10:30,2017-07-31 10:30,2017-07-31 10:30,2017-08-03 15:15:59,2017-08-03 15:15:59,24983.0,25000.0,25000.0,25000.0,25500.0,24500.0,116.05,0.05,170.0,310.8,12.25,0.05,24.45,0.05,249.0,311.0,-61.0,1,100,-6140.0,1239485.0,-0.614,-0.0809,-0.0809
2017-08-01,2017-08-03 0:00,2017-08-01 10:30,2017-08-01 10:30,2017-08-01 10:30,2017-08-03 13:25:59,2017-08-03 13:25:59,25185.1,25200.0,25200.0,25200.0,25700.0,24700.0,144.55,0.15,194.0,386.0,23.05,0.05,34.25,9.25,281.0,377.0,-96.0,1,100,-9560.0,1229925.0,-0.956,-0.0905,-0.0905
2017-08-02,2017-08-03 0:00,2017-08-02 10:30,2017-08-02 10:30,2017-08-02 10:30,2017-08-03 10:07:59,2017-08-03 10:07:59,25212.0,25200.0,25200.0,25200.0,25700.0,24700.0,122.45,0.8,148.75,333.4,9.75,0.05,14.3,9.4,247.0,325.0,-78.0,1,100,-7760.0,1222165.0,-0.776,-0.0982,-0.0982
2017-08-03,2017-08-03 0:00,2017-08-03 10:30,2017-08-03 10:30,2017-08-03 10:30,2017-08-03 14:33:59,2017-08-03 14:33:59,24877.0,24900.0,24900.0,24900.0,25400.0,24400.0,19.2,0.45,87.05,149.45,0.25,0.05,0.8,0.3,105.0,150.0,-44.0,1,100,-4435.0,1217730.0,-0.4435,-0.1027,-0.1027
2017-08-04,2017-08-10 0:00,2017-08-04 10:30,2017-08-04 10:30,2017-08-04 10:30,2017-08-09 13:48:59,2017-08-09 13:48:59,24780.0,24800.0,24800.0,24800.0,25300.0,24300.0,110.0,5.5,153.7,335.0,11.2,1.0,27.0,42.1,226.0,297.0,-72.0,1,100,-7190.0,1210540.0,-0.719,-0.1098,-0.1098
2017-08-07,2017-08-10 0:00,2017-08-07 10:30,2017-08-07 10:30,2017-08-07 10:30,2017-08-08 9:45:59,2017-08-08 9:45:59,25022.1,25000.0,25000.0,25000.0,25500.0,24500.0,110.0,33.25,129.0,290.0,12.8,3.2,14.95,40.65,211.0,279.0,-68.0,1,100,-6815.0,1203725.0,-0.6815,-0.1167,-0.1167
2017-08-08,2017-08-10 0:00,2017-08-08 10:30,2017-08-08 10:30,2017-08-08 10:30,2017-08-09 15:18:59,2017-08-09 15:18:59,24706.95,24700.0,24700.0,24700.0,25200.0,24200.0,96.5,5.7,130.0,293.65,8.9,1.15,14.1,28.85,204.0,269.0,-66.0,1,100,-6585.0,1197140.0,-0.6585,-0.1232,-0.1232
2017-08-09,2017-08-10 0:00,2017-08-09 10:30,2017-08-09 10:30,2017-08-09 10:30,2017-08-10 09:15:59,2017-08-10 09:15:59,24571.25,24600.0,24600.0,24600.0,25100.0,24100.0,58.4,2.3,136.25,277.85,2.3,0.15,12.25,18.75,180.0,261.0,-81.0,1,100,-8115.0,1189025.0,-0.8115,-0.1314,-0.1314
2017-08-10,2017-08-10 0:00,2017-08-10 10:30,2017-08-10 10:30,2017-08-10 10:30,2017-08-10 14:52:59,2017-08-10 14:52:59,24315.8,24300.0,24300.0,24300.0,24800.0,23800.0,33.25,0.3,86.8,164.05,0.4,0.05,1.05,0.2,119.0,164.0,-46.0,1,100,-4550.0,1184475.0,-0.455,-0.1359,-0.1359
2017-08-11,2017-08-17 0:00,2017-08-11 10:30,2017-08-11 10:30,2017-08-11 10:30,2017-08-17 15:14:59,2017-08-17 15:14:59,24154.0,24200.0,24200.0,24200.0,24600.0,23700.0,138.35,41.05,245.9,7.75,27.0,0.05,80.4,0.05,277.0,49.0,228.0,1,100,22815.0,1207290.0,2.2815,-0.1131,-0.1359
2017-08-14,2017-08-17 0:00,2017-08-14 10:30,2017-08-14 10:30,2017-08-14 10:30,2017-08-17 15:15:59,2017-08-17 15:15:59,24235.2,24200.0,24200.0,24200.0,24700.0,23800.0,141.0,20.0,152.5,5.45,9.15,0.05,44.65,0.1,240.0,25.0,214.0,1,100,21440.0,1228730.0,2.144,-0.0917,-0.1359
2017-08-16,2017-08-17 0:00,2017-08-16 10:30,2017-08-16 10:30,2017-08-16 10:30,2017-08-16 13:02:59,2017-08-16 13:02:59,24024.2,24000.0,24000.0,24000.0,24500.0,23500.0,79.1,218.3,112.35,30.55,2.5,9.75,8.8,2.95,180.0,236.0,-56.0,1,100,-5600.0,1223130.0,-0.56,-0.0973,-0.1359
2017-08-17,2017-08-17 0:00,2017-08-17 10:30,2017-08-17 10:30,2017-08-17 10:30,2017-08-17 11:08:59,2017-08-17 11:08:59,24422.1,24400.0,24400.0,24400.0,24900.0,23900.0,60.25,25.65,55.3,126.1,0.35,0.15,0.8,2.15,114.0,149.0,-35.0,1,100,-3505.0,1219625.0,-0.3505,-0.1008,-0.1359
2017-08-18,2017-08-24 0:00,2017-08-18 10:30,2017-08-18 10:30,2017-08-18 10:30,2017-08-24 15:16:59,2017-08-24 15:16:59,24047.2,24000.0,24000.0,24000.0,24500.0,23600.0,214.15,299.3,189.0,0.05,40.0,0.1,77.65,0.05,286.0,299.0,-14.0,1,100,-1370.0,1218255.0,-0.137,-0.1021,-0.1359
2017-08-21,2017-08-24 0:00,2017-08-21 10:30,2017-08-21 10:30,2017-08-21 10:30,2017-08-24 15:16:59,2017-08-24 15:16:59,24193.5,24200.0,24200.0,24200.0,24700.0,23700.0,150.0,101.0,165.3,0.2,17.5,0.05,33.4,0.05,264.0,101.0,163.0,1,100,16330.0,1234585.0,1.633,-0.0858,-0.1359
2017-08-22,2017-08-24 0:00,2017-08-22 10:30,2017-08-22 10:30,2017-08-22 10:30,2017-08-23 14:33:59,2017-08-23 14:33:59,23926.05,23900.0,23900.0,23900.0,24400.0,23400.0,158.1,367.7,153.7,13.2,18.35,34.6,29.5,2.35,264.0,344.0,-80.0,1,100,-8000.0,1226585.0,-0.8,-0.0938,-0.1359
2017-08-23,2017-08-24 0:00,2017-08-23 10:30,2017-08-23 10:30,2017-08-23 10:30,2017-08-24 15:16:59,2017-08-24 15:16:59,24176.1,24200.0,24200.0,24200.0,24700.0,23700.0,84.0,101.0,123.95,0.2,2.4,0.05,13.25,0.05,192.0,101.0,91.0,1,100,9120.0,1235705.0,0.912,-0.0847,-0.1359
2017-08-24,2017-08-24 0:00,2017-08-24 10:30,2017-08-24 10:30,2017-08-24 10:30,2017-08-24 15:12:59,2017-08-24 15:12:59,24280.0,24300.0,24300.0,24300.0,24800.0,23800.0,40.3,16.75,70.45,4.05,0.2,0.05,1.35,0.05,109.0,21.0,88.0,1,100,8850.0,1244555.0,0.885,-0.0758,-0.1359
2017-08-28,2017-08-31 0:00,2017-08-28 10:30,2017-08-28 10:30,2017-08-28 10:30,2017-08-31 15:19:59,2017-08-31 15:19:59,24410.6,24400.0,24400.0,24400.0,24900.0,23900.0,150.25,0.45,143.25,72.0,16.7,0.1,24.6,0.05,252.0,72.0,180.0,1,100,17990.0,1262545.0,1.799,-0.0578,-0.1359
2017-08-29,2017-08-31 0:00,2017-08-29 10:30,2017-08-29 10:30,2017-08-29 10:30,2017-08-31 15:19:59,2017-08-31 15:19:59,24200.4,24200.0,24200.0,24200.0,24700.0,23700.0,138.65,116.0,134.7,0.2,11.55,0.1,23.4,0.05,238.0,116.0,122.0,1,100,12235.0,1274780.0,1.2235,-0.0456,-0.1359
2017-08-30,2017-08-31 0:00,2017-08-30 10:30,2017-08-30 10:30,2017-08-30 10:30,2017-08-31 15:03:59,2017-08-31 15:03:59,24302.55,24300.0,24300.0,24300.0,24800.0,23800.0,97.15,18.9,86.85,15.7,3.5,0.05,6.55,0.1,174.0,34.0,140.0,1,100,13950.0,1288730.0,1.395,-0.0317,-0.1359
2017-08-31,2017-08-31 0:00,2017-08-31 10:30,2017-08-31 10:30,2017-08-31 10:30,2017-08-31 15:19:59,2017-08-31 15:19:59,24238.0,24200.0,24200.0,24200.0,24700.0,23800.0,79.0,116.0,40.5,0.2,0.6,0.1,1.0,0.1,118.0,116.0,2.0,1,100,190.0,1288920.0,0.019,-0.0315,-0.1359
2017-09-01,2017-09-07 0:00,2017-09-01 10:30,2017-09-01 10:30,2017-09-01 10:30,2017-09-07 15:12:59,2017-09-07 15:12:59,24468.5,24500.0,24500.0,24500.0,25000.0,24000.0,114.6,0.1,186.85,173.0,9.25,0.05,34.5,0.05,258.0,173.0,85.0,1,100,8470.0,1297390.0,0.847,-0.023,-0.1359
2017-09-04,2017-09-07 0:00,2017-09-04 10:30,2017-09-04 10:30,2017-09-04 10:30,2017-09-07 14:53:59,2017-09-07 14:53:59,24379.0,24400.0,24400.0,24400.0,24900.0,23900.0,102.25,2.8,166.5,55.35,5.85,0.05,23.45,0.05,239.0,58.0,181.0,1,100,18140.0,1315530.0,1.814,-0.0049,-0.1359
2017-09-05,2017-09-07 0:00,2017-09-05 10:30,2017-09-05 10:30,2017-09-05 10:30,2017-09-07 14:53:59,2017-09-07 14:53:59,24408.25,24400.0,24400.0,24400.0,24900.0,23900.0,93.0,2.8,130.95,55.35,2.9,0.05,16.95,0.05,204.0,58.0,146.0,1,100,14605.0,1330135.0,1.4605,0.0,-0.1359
2017-09-06,2017-09-07 0:00,2017-09-06 10:30,2017-09-06 10:30,2017-09-06 10:30,2017-09-07 15:19:59,2017-09-07 15:19:59,24232.0,24200.0,24200.0,24200.0,24700.0,23700.0,73.8,104.4,92.4,0.1,1.1,0.05,4.4,0.05,161.0,104.0,56.0,1,100,5630.0,1335765.0,0.563,0.0,-0.1359
2017-09-07,2017-09-07 0:00,2017-09-07 10:30,2017-09-07 10:30,2017-09-07 10:30,2017-09-07 14:53:59,2017-09-07 14:53:59,24422.0,24400.0,24400.0,24400.0,24900.0,23900.0,29.55,2.8,47.2,55.35,0.15,0.05,0.3,0.05,76.0,58.0,18.0,1,100,1825.0,1337590.0,0.1825,0.0,-0.1359
2017-09-08,2017-09-14 0:00,2017-09-08 10:30,2017-09-08 10:30,2017-09-08 10:30,2017-09-12 10:26:59,2017-09-12 10:26:59,24383.9,24400.0,24400.0,24400.0,24900.0,23900.0,110.5,342.0,159.2,17.05,6.65,40.95,26.45,2.4,237.0,316.0,-79.0,1,100,-7910.0,1329680.0,-0.791,-0.0079,-0.1359
2017-09-11,2017-09-14 0:00,2017-09-11 10:30,2017-09-11 10:30,2017-09-11 10:30,2017-09-12 10:49:59,2017-09-12 10:49:59,24489.4,24500.0,24500.0,24500.0,25000.0,24000.0,95.1,279.0,133.4,24.05,4.0,23.9,14.3,3.05,210.0,276.0,-66.0,1,100,-6590.0,1323090.0,-0.659,-0.0145,-0.1359
2017-09-12,2017-09-14 0:00,2017-09-12 10:30,2017-09-12 10:30,2017-09-12 10:30,2017-09-14 15:06:59,2017-09-14 15:06:59,24755.4,24800.0,24800.0,24800.0,25300.0,24300.0,70.2,100.25,136.2,0.15,2.7,0.05,9.8,0.1,194.0,100.0,94.0,1,100,9365.0,1332455.0,0.9365,-0.0051,-0.1359
2017-09-13,2017-09-14 0:00,2017-09-13 10:30,2017-09-13 10:30,2017-09-13 10:30,2017-09-14 15:00:59,2017-09-14 15:00:59,24855.05,24900.0,24900.0,24900.0,25400.0,24400.0,51.65,14.15,105.3,7.85,0.9,0.05,4.85,0.05,151.0,22.0,129.0,1,100,12930.0,1345385.0,1.293,0.0,-0.1359
2017-09-14,2017-09-14 0:00,2017-09-14 10:30,2017-09-14 10:30,2017-09-14 10:30,2017-09-14 15:11:59,2017-09-14 15:11:59,24947.7,24900.0,24900.0,24900.0,25300.0,24400.0,53.8,8.0,24.6,2.65,0.2,0.05,0.3,0.1,78.0,10.0,67.0,1,100,6740.0,1352125.0,0.674,0.0,-0.1359
2017-09-15,2017-09-21 0:00,2017-09-15 10:30,2017-09-15 10:30,2017-09-15 10:30,2017-09-21 15:18:59,2017-09-21 15:18:59,24857.2,24900.0,24900.0,24900.0,25400.0,24400.0,113.3,0.05,169.7,86.1,10.3,0.05,28.7,0.05,244.0,86.0,158.0,1,100,15795.0,1367920.0,1.5795,0.0,-0.1359
2017-09-18,2017-09-21 0:00,2017-09-18 10:30,2017-09-18 10:30,2017-09-18 10:30,2017-09-21 10:00:59,2017-09-21 10:00:59,25053.0,25100.0,25100.0,25100.0,25600.0,24600.0,95.8,1.45,140.35,341.6,5.35,0.05,13.55,24.3,217.0,319.0,-101.0,1,100,-10145.0,1357775.0,-1.0145,-0.0101,-0.1359
2017-09-19,2017-09-21 0:00,2017-09-19 10:30,2017-09-19 10:30,2017-09-19 10:30,2017-09-21 10:20:59,2017-09-21 10:20:59,25015.45,25000.0,25000.0,25000.0,25500.0,24500.0,106.25,2.8,88.65,245.25,4.25,0.05,7.55,7.5,183.0,240.0,-57.0,1,100,-5740.0,1352035.0,-0.574,-0.0159,-0.1359
2017-09-20,2017-09-21 0:00,2017-09-20 10:30,2017-09-20 10:30,2017-09-20 10:30,2017-09-21 10:05:59,2017-09-21 10:05:59,25043.0,25000.0,25000.0,25000.0,25500.0,24500.0,97.9,4.75,57.7,218.65,1.9,0.05,3.0,9.0,151.0,214.0,-64.0,1,100,-6365.0,1345670.0,-0.6365,-0.0223,-0.1359
2017-09-21,2017-09-21 0:00,2017-09-21 10:30,2017-09-21 10:30,2017-09-21 10:30,2017-09-21 15:04:59,2017-09-21 15:04:59,24825.85,24800.0,24800.0,24800.0,25300.0,24300.0,43.5,6.1,43.15,6.4,0.3,0.1,0.7,0.05,86.0,12.0,73.0,1,100,7330.0,1353000.0,0.733,-0.0149,-0.1359
2017-09-22,2017-09-28 0:00,2017-09-22 10:30,2017-09-22 10:30,2017-09-22 10:30,2017-09-27 12:02:59,2017-09-27 12:02:59,24542.35,24500.0,24500.0,24500.0,25000.0,24100.0,195.5,6.2,150.65,488.9,22.8,1.45,56.5,145.25,267.0,348.0,-82.0,1,100,-8155.0,1344845.0,-0.8155,-0.0231,-0.1359
2017-09-25,2017-09-28 0:00,2017-09-25 10:30,2017-09-25 10:30,2017-09-25 10:30,2017-09-28 13:02:59,2017-09-28 13:02:59,24134.4,24100.0,24100.0,24100.0,24600.0,23700.0,171.0,0.85,147.4,411.0,16.85,0.2,47.05,72.45,254.0,339.0,-85.0,1,100,-8470.0,1336375.0,-0.847,-0.0315,-0.1359
2017-09-26,2017-09-28 0:00,2017-09-26 10:30,2017-09-26 10:30,2017-09-26 10:30,2017-09-28 9:15:59,2017-09-28 9:15:59,24138.95,24100.0,24100.0,24100.0,24600.0,23700.0,139.05,4.05,99.3,339.2,9.55,0.3,18.45,52.45,210.0,290.0,-80.0,1,100,-8015.0,1328360.0,-0.8015,-0.0396,-0.1359
2017-09-27,2017-09-28 0:00,2017-09-27 10:30,2017-09-27 10:30,2017-09-27 10:30,2017-09-27 14:09:59,2017-09-27 14:09:59,24072.9,24100.0,24100.0,24100.0,24600.0,23600.0,88.1,26.7,119.95,255.4,4.7,2.55,13.0,28.35,190.0,251.0,-61.0,1,100,-6085.0,1322275.0,-0.6085,-0.0456,-0.1359
2017-09-28,2017-09-28 0:00,2017-09-28 10:30,2017-09-28 10:30,2017-09-28 10:30,2017-09-28 12:55:59,2017-09-28 12:55:59,23868.6,23900.0,23900.0,23900.0,24300.0,23400.0,39.0,8.35,73.7,150.1,1.5,0.35,2.8,2.6,108.0,156.0,-47.0,1,100,-4710.0,1317565.0,-0.471,-0.0504,-0.1359
2017-09-29,2017-10-05 0:00,2017-09-29 10:30,2017-09-29 10:30,2017-09-29 10:30,2017-10-05 15:12:59,2017-10-05 15:12:59,24202.05,24200.0,24200.0,24200.0,24700.0,23700.0,137.0,0.05,170.05,120.65,15.0,0.05,38.3,0.05,254.0,121.0,133.0,1,100,13315.0,1330880.0,1.3315,-0.037,-0.1359
2017-10-03,2017-10-05 0:00,2017-10-03 10:30,2017-10-03 10:30,2017-10-03 10:30,2017-10-05 13:37:59,2017-10-05 13:37:59,24081.95,24100.0,24100.0,24100.0,24600.0,23600.0,138.9,21.1,189.05,32.85,15.2,0.05,35.3,0.2,277.0,54.0,224.0,1,100,22375.0,1353255.0,2.2375,-0.0147,-0.1359
2017-10-04,2017-10-05 0:00,2017-10-04 10:30,2017-10-04 10:30,2017-10-04 10:30,2017-10-05 15:12:59,2017-10-05 15:12:59,24163.05,24200.0,24200.0,24200.0,24600.0,23700.0,91.9,0.05,154.0,120.65,8.4,0.05,15.9,0.05,222.0,121.0,101.0,1,100,10100.0,1363355.0,1.01,-0.0046,-0.1359
2017-10-05,2017-10-05 0:00,2017-10-05 10:30,2017-10-05 10:30,2017-10-05 10:30,2017-10-05 11:17:59,2017-10-05 11:17:59,24176.55,24200.0,24200.0,24200.0,24600.0,23700.0,22.75,9.35,72.0,114.3,0.15,0.05,0.65,0.85,94.0,123.0,-29.0,1,100,-2880.0,1360475.0,-0.288,-0.0074,-0.1359
2017-10-06,2017-10-12 0:00,2017-10-06 10:30,2017-10-06 10:30,2017-10-06 10:30,2017-10-12 15:04:59,2017-10-12 15:04:59,24245.0,24200.0,24200.0,24200.0,24700.0,23800.0,142.75,115.1,126.0,0.35,10.25,0.05,25.9,0.05,233.0,115.0,117.0,1,100,11725.0,1372200.0,1.1725,0.0,-0.1359
2017-10-09,2017-10-12 0:00,2017-10-09 10:30,2017-10-09 10:30,2017-10-09 10:30,2017-10-12 9:26:59,2017-10-12 9:26:59,24322.5,24300.0,24300.0,24300.0,24800.0,23800.0,111.95,2.5,115.15,295.55,5.15,0.1,10.55,11.35,211.0,287.0,-75.0,1,100,-7520.0,1364680.0,-0.752,-0.0075,-0.1359
2017-10-10,2017-10-12 0:00,2017-10-10 10:30,2017-10-10 10:30,2017-10-10 10:30,2017-10-11 14:08:59,2017-10-11 14:08:59,24332.0,24300.0,24300.0,24300.0,24800.0,23800.0,100.6,16.9,89.75,243.45,2.6,0.6,6.25,14.0,182.0,246.0,-64.0,1,100,-6425.0,1358255.0,-0.6425,-0.0139,-0.1359
2017-10-11,2017-10-12 0:00,2017-10-11 10:30,2017-10-11 10:30,2017-10-11 10:30,2017-10-11 13:29:59,2017-10-11 13:29:59,24462.85,24500.0,24500.0,24500.0,25000.0,24000.0,41.05,13.0,101.5,175.05,0.7,0.5,3.0,6.6,139.0,181.0,-42.0,1,100,-4210.0,1354045.0,-0.421,-0.0182,-0.1359
2017-10-12,2017-10-12 0:00,2017-10-12 10:30,2017-10-12 10:30,2017-10-12 10:30,2017-10-12 14:50:59,2017-10-12 14:50:59,24120.0,24100.0,24100.0,24100.0,24600.0,23600.0,38.1,141.0,49.85,0.9,0.05,0.05,0.5,0.05,87.0,142.0,-54.0,1,100,-5440.0,1348605.0,-0.544,-0.0236,-0.1359
2017-10-13,2017-10-18 0:00,2017-10-13 10:30,2017-10-13 10:30,2017-10-13 10:30,2017-10-18 11:48:59,2017-10-18 11:48:59,24552.0,24600.0,24600.0,24600.0,25000.0,24100.0,98.1,2.45,166.35,295.9,14.35,0.15,28.85,8.15,221.0,290.0,-69.0,1,100,-6880.0,1341725.0,-0.688,-0.0305,-0.1359
2017-10-16,2017-10-18 0:00,2017-10-16 10:30,2017-10-16 10:30,2017-10-16 10:30,2017-10-16 10:53:59,2017-10-16 10:53:59,24759.6,24800.0,24800.0,24800.0,25300.0,24300.0,100.5,53.2,145.1,301.55,9.15,5.7,17.4,60.0,219.0,289.0,-70.0,1,100,-7000.0,1334725.0,-0.7,-0.0375,-0.1359
2017-10-17,2017-10-18 0:00,2017-10-17 10:30,2017-10-17 10:30,2017-10-17 10:30,2017-10-18 9:16:59,2017-10-18 9:16:59,24735.1,24700.0,24700.0,24700.0,25200.0,24200.0,111.0,7.4,83.3,260.7,6.35,0.25,11.25,16.75,177.0,251.0,-74.0,1,100,-7440.0,1327285.0,-0.744,-0.0449,-0.1359
2017-10-18,2017-10-18 0:00,2017-10-18 10:30,2017-10-18 10:30,2017-10-18 10:30,2017-10-18 15:19:59,2017-10-18 15:19:59,24375.0,24400.0,24400.0,24400.0,24900.0,23900.0,41.2,0.1,82.55,83.05,0.4,0.05,0.75,0.05,123.0,83.0,40.0,1,100,3955.0,1331240.0,0.3955,-0.041,-0.1359
2017-10-23,2017-10-26 0:00,2017-10-23 10:30,2017-10-23 10:30,2017-10-23 10:30,2017-10-25 9:15:59,2017-10-25 9:15:59,24049.95,24000.0,24000.0,24000.0,24500.0,23600.0,197.35,763.2,152.55,4.25,31.3,260.15,49.5,2.0,269.0,505.0,-236.0,1,100,-23620.0,1307620.0,-2.362,-0.0646,-0.1359
2017-10-24,2017-10-26 0:00,2017-10-24 10:30,2017-10-24 10:30,2017-10-24 10:30,2017-10-25 9:26:59,2017-10-25 9:26:59,24252.0,24300.0,24300.0,24300.0,24700.0,23800.0,114.05,429.95,158.7,18.4,18.15,128.5,26.6,4.7,228.0,315.0,-87.0,1,100,-8715.0,1298905.0,-0.8715,-0.0733,-0.1359
2017-10-25,2017-10-26 0:00,2017-10-25 10:30,2017-10-25 10:30,2017-10-25 10:30,2017-10-25 13:15:59,2017-10-25 13:15:59,24662.95,24700.0,24700.0,24700.0,25200.0,24200.0,98.3,309.25,139.25,27.5,6.05,35.5,12.7,6.5,219.0,295.0,-76.0,1,100,-7595.0,1291310.0,-0.7595,-0.0809,-0.1359
2017-10-26,2017-10-26 0:00,2017-10-26 10:30,2017-10-26 10:30,2017-10-26 10:30,2017-10-26 12:59:59,2017-10-26 12:59:59,24926.25,24900.0,24900.0,24900.0,25400.0,24400.0,104.0,215.9,74.75,21.8,5.6,11.1,3.7,1.0,169.0,226.0,-56.0,1,100,-5615.0,1285695.0,-0.5615,-0.0865,-0.1359
2017-10-27,2017-11-02 0:00,2017-10-27 10:30,2017-10-27 10:30,2017-10-27 10:30,2017-11-01 12:42:59,2017-11-01 12:42:59,25012.1,25000.0,25000.0,25000.0,25500.0,24500.0,178.55,487.0,216.65,7.65,40.95,97.7,50.5,1.8,304.0,395.0,-91.0,1,100,-9140.0,1276555.0,-0.914,-0.0956,-0.1359
2017-10-30,2017-11-02 0:00,2017-10-30 10:30,2017-10-30 10:30,2017-10-30 10:30,2017-11-01 12:42:59,2017-11-01 12:42:59,25060.3,25100.0,25100.0,25100.0,25600.0,24600.0,121.85,397.4,204.5,10.75,14.9,58.0,44.5,2.2,267.0,348.0,-81.0,1,100,-8100.0,1268455.0,-0.81,-0.1037,-0.1359
2017-10-31,2017-11-02 0:00,2017-10-31 10:30,2017-10-31 10:30,2017-10-31 10:30,2017-11-01 9:37:59,2017-11-01 9:37:59,25036.95,25000.0,25000.0,25000.0,25500.0,24500.0,133.15,342.7,146.1,19.8,13.85,48.0,26.5,3.7,239.0,311.0,-72.0,1,100,-7190.0,1261265.0,-0.719,-0.1109,-0.1359
2017-11-01,2017-11-02 0:00,2017-11-01 10:30,2017-11-01 10:30,2017-11-01 10:30,2017-11-02 15:19:59,2017-11-02 15:19:59,25465.2,25500.0,25500.0,25500.0,26000.0,25000.0,79.1,0.05,143.95,59.85,4.75,0.05,14.05,0.05,204.0,60.0,144.0,1,100,14445.0,1275710.0,1.4445,-0.0965,-0.1359
2017-11-02,2017-11-02 0:00,2017-11-02 10:30,2017-11-02 10:30,2017-11-02 10:30,2017-11-02 15:17:59,2017-11-02 15:17:59,25541.05,25500.0,25500.0,25500.0,26100.0,25000.0,57.65,0.15,46.4,56.0,0.1,0.05,0.5,0.05,103.0,56.0,47.0,1,100,4740.0,1280450.0,0.474,-0.0918,-0.1359
2017-11-03,2017-11-09 0:00,2017-11-03 10:30,2017-11-03 10:30,2017-11-03 10:30,2017-11-09 15:15:59,2017-11-09 15:15:59,25480.45,25500.0,25500.0,25500.0,26000.0,25000.0,143.2,0.1,189.0,212.05,20.9,0.05,42.8,0.1,268.0,212.0,56.0,1,100,5650.0,1286100.0,0.565,-0.0861,-0.1359
2017-11-06,2017-11-09 0:00,2017-11-06 10:30,2017-11-06 10:30,2017-11-06 10:30,2017-11-08 14:57:59,2017-11-08 14:57:59,25607.0,25600.0,25600.0,25600.0,26100.0,25100.0,147.85,5.45,164.95,389.2,19.85,0.85,34.4,54.7,259.0,339.0,-81.0,1,100,-8055.0,1278045.0,-0.8055,-0.0942,-0.1359
2017-11-07,2017-11-09 0:00,2017-11-07 10:30,2017-11-07 10:30,2017-11-07 10:30,2017-11-09 15:15:59,2017-11-09 15:15:59,25497.1,25500.0,25500.0,25500.0,26000.0,25000.0,133.85,0.1,166.35,212.05,15.35,0.05,34.65,0.1,250.0,212.0,38.0,1,100,3820.0,1281865.0,0.382,-0.0903,-0.1359
2017-11-08,2017-11-09 0:00,2017-11-08 10:30,2017-11-08 10:30,2017-11-08 10:30,2017-11-09 15:14:59,2017-11-09 15:14:59,25364.95,25400.0,25400.0,25400.0,25900.0,24900.0,68.15,0.1,153.1,114.0,4.05,0.05,16.05,0.1,201.0,114.0,87.0,1,100,8720.0,1290585.0,0.872,-0.0816,-0.1359
2017-11-09,2017-11-09 0:00,2017-11-09 10:30,2017-11-09 10:30,2017-11-09 10:30,2017-11-09 11:02:59,2017-11-09 11:02:59,25410.0,25400.0,25400.0,25400.0,25900.0,24900.0,27.75,9.6,91.1,149.0,0.1,0.05,1.2,2.5,118.0,156.0,-38.0,1,100,-3850.0,1286735.0,-0.385,-0.0855,-0.1359
2017-11-10,2017-11-16 0:00,2017-11-10 10:30,2017-11-10 10:30,2017-11-10 10:30,2017-11-16 13:17:59,2017-11-16 13:17:59,25401.45,25400.0,25400.0,25400.0,25900.0,24900.0,153.15,24.45,193.15,29.7,23.75,0.1,47.2,0.15,275.0,54.0,221.0,1,100,22145.0,1308880.0,2.2145,-0.0633,-0.1359
2017-11-13,2017-11-16 0:00,2017-11-13 10:30,2017-11-13 10:30,2017-11-13 10:30,2017-11-16 11:13:59,2017-11-16 11:13:59,25546.2,25500.0,25500.0,25500.0,26100.0,25000.0,153.6,6.35,148.9,153.3,9.0,0.05,30.55,0.85,263.0,159.0,104.0,1,100,10420.0,1319300.0,1.042,-0.0529,-0.1359
2017-11-14,2017-11-16 0:00,2017-11-14 10:30,2017-11-14 10:30,2017-11-14 10:30,2017-11-16 13:42:59,2017-11-16 13:42:59,25412.1,25400.0,25400.0,25400.0,25900.0,24900.0,111.85,27.95,150.2,21.45,8.75,0.1,18.6,0.1,235.0,49.0,185.0,1,100,18550.0,1337850.0,1.855,-0.0344,-0.1359
2017-11-15,2017-11-16 0:00,2017-11-15 10:30,2017-11-15 10:30,2017-11-15 10:30,2017-11-16 13:42:59,2017-11-16 13:42:59,25374.9,25400.0,25400.0,25400.0,25900.0,24900.0,57.4,27.95,152.7,21.45,1.95,0.1,9.7,0.1,198.0,49.0,149.0,1,100,14925.0,1352775.0,1.4925,-0.0194,-0.1359
2017-11-16,2017-11-16 0:00,2017-11-16 10:30,2017-11-16 10:30,2017-11-16 10:30,2017-11-16 13:42:59,2017-11-16 13:42:59,25410.1,25400.0,25400.0,25400.0,26000.0,24900.0,25.95,27.95,74.0,21.45,0.05,0.05,0.35,0.1,100.0,49.0,50.0,1,100,5030.0,1357805.0,0.503,-0.0144,-0.1359
2017-11-17,2017-11-23 0:00,2017-11-17 10:30,2017-11-17 10:30,2017-11-17 10:30,2017-11-23 15:13:59,2017-11-23 15:13:59,25920.0,25900.0,25900.0,25900.0,26400.0,25400.0,174.2,0.1,180.3,175.05,36.2,0.05,31.0,0.05,287.0,175.0,112.0,1,100,11225.0,1369030.0,1.1225,-0.0032,-0.1359
2017-11-20,2017-11-23 0:00,2017-11-20 10:30,2017-11-20 10:30,2017-11-20 10:30,2017-11-23 14:57:59,2017-11-23 14:57:59,25787.7,25800.0,25800.0,25800.0,26300.0,25300.0,114.55,1.65,159.5,70.85,11.6,0.05,19.2,0.05,243.0,72.0,171.0,1,100,17085.0,1386115.0,1.7085,0.0,-0.1359
2017-11-21,2017-11-23 0:00,2017-11-21 10:30,2017-11-21 10:30,2017-11-21 10:30,2017-11-23 15:13:59,2017-11-23 15:13:59,25901.0,25900.0,25900.0,25900.0,26400.0,25400.0,99.05,0.1,127.75,175.05,5.85,0.05,10.1,0.05,211.0,175.0,36.0,1,100,3580.0,1389695.0,0.358,0.0,-0.1359
2017-11-22,2017-11-23 0:00,2017-11-22 10:30,2017-11-22 10:30,2017-11-22 10:30,2017-11-23 14:12:59,2017-11-23 14:12:59,25739.1,25700.0,25700.0,25700.0,26300.0,25200.0,95.75,19.65,91.75,15.7,1.55,0.05,4.8,0.05,181.0,35.0,146.0,1,100,14590.0,1404285.0,1.459,0.0,-0.1359
2017-11-23,2017-11-23 0:00,2017-11-23 10:30,2017-11-23 10:30,2017-11-23 10:30,2017-11-23 12:41:59,2017-11-23 12:41:59,25775.7,25800.0,25800.0,25800.0,26300.0,25300.0,22.5,8.95,65.95,107.75,0.05,0.05,0.3,0.3,88.0,116.0,-28.0,1,100,-2825.0,1401460.0,-0.2825,-0.0028,-0.1359
2017-11-24,2017-11-30 0:00,2017-11-24 10:30,2017-11-24 10:30,2017-11-24 10:30,2017-11-30 13:50:59,2017-11-30 13:50:59,25845.0,25800.0,25800.0,25800.0,26400.0,25300.0,173.9,1.2,131.45,233.55,16.05,0.05,26.05,1.4,263.0,233.0,30.0,1,100,2995.0,1404455.0,0.2995,0.0,-0.1359
2017-11-27,2017-11-30 0:00,2017-11-27 10:30,2017-11-27 10:30,2017-11-27 10:30,2017-11-30 15:01:59,2017-11-30 15:01:59,25766.05,25800.0,25800.0,25800.0,26300.0,25300.0,112.0,0.05,140.0,396.05,8.05,0.05,17.65,2.5,226.0,394.0,-167.0,1,100,-16725.0,1387730.0,-1.6725,-0.0167,-0.1359
2017-11-28,2017-11-30 0:00,2017-11-28 10:30,2017-11-28 10:30,2017-11-28 10:30,2017-11-30 9:15:59,2017-11-30 9:15:59,25959.3,26000.0,26000.0,26000.0,26500.0,25400.0,93.0,2.15,124.0,268.0,5.45,0.15,9.6,6.8,202.0,263.0,-61.0,1,100,-6125.0,1381605.0,-0.6125,-0.0229,-0.1359
2017-11-29,2017-11-30 0:00,2017-11-29 10:30,2017-11-29 10:30,2017-11-29 10:30,2017-11-30 10:24:59,2017-11-30 10:24:59,25839.9,25800.0,25800.0,25800.0,26400.0,25300.0,110.8,4.0,74.75,230.0,2.4,0.1,5.7,2.95,177.0,231.0,-54.0,1,100,-5350.0,1376255.0,-0.535,-0.0282,-0.1359
2017-11-30,2017-11-30 0:00,2017-11-30 10:30,2017-11-30 10:30,2017-11-30 10:30,2017-11-30 15:01:59,2017-11-30 15:01:59,25561.15,25600.0,25600.0,25600.0,26100.0,25000.0,41.3,0.3,75.7,193.85,0.3,0.1,0.5,0.15,116.0,194.0,-78.0,1,100,-7770.0,1368485.0,-0.777,-0.036,-0.1359
2017-12-01,2017-12-07 0:00,2017-12-01 10:30,2017-12-01 10:30,2017-12-01 10:30,2017-12-04 14:45:59,2017-12-04 14:45:59,25470.0,25500.0,25500.0,25500.0,26000.0,25000.0,127.95,30.4,207.85,475.5,18.3,4.1,47.0,145.15,270.0,357.0,-86.0,1,100,-8615.0,1359870.0,-0.8615,-0.0446,-0.1359
2017-12-04,2017-12-07 0:00,2017-12-04 10:30,2017-12-04 10:30,2017-12-04 10:30,2017-12-06 15:02:59,2017-12-06 15:02:59,25259.05,25300.0,25300.0,25300.0,25800.0,24800.0,119.95,6.0,223.8,416.25,14.5,0.7,52.5,55.0,277.0,367.0,-90.0,1,100,-8980.0,1350890.0,-0.898,-0.0536,-0.1359
2017-12-05,2017-12-07 0:00,2017-12-05 10:30,2017-12-05 10:30,2017-12-05 10:30,2017-12-07 15:10:59,2017-12-07 15:10:59,25097.0,25100.0,25100.0,25100.0,25600.0,24600.0,112.4,0.9,187.2,38.4,12.8,0.05,32.7,0.05,254.0,39.0,215.0,1,100,21490.0,1372380.0,2.149,-0.0321,-0.1359
2017-12-06,2017-12-07 0:00,2017-12-06 10:30,2017-12-06 10:30,2017-12-06 10:30,2017-12-07 15:10:59,2017-12-07 15:10:59,25121.1,25100.0,25100.0,25100.0,25600.0,24600.0,89.0,0.9,140.4,38.4,6.25,0.05,14.25,0.05,209.0,39.0,170.0,1,100,16970.0,1389350.0,1.697,-0.0151,-0.1359
2017-12-07,2017-12-07 0:00,2017-12-07 10:30,2017-12-07 10:30,2017-12-07 10:30,2017-12-07 15:19:59,2017-12-07 15:19:59,25038.15,25000.0,25000.0,25000.0,25500.0,24500.0,33.35,49.8,68.35,0.05,0.15,0.05,0.55,0.05,101.0,50.0,51.0,1,100,5125.0,1394475.0,0.5125,-0.01,-0.1359
2017-12-08,2017-12-14 0:00,2017-12-08 10:30,2017-12-08 10:30,2017-12-08 10:30,2017-12-14 11:34:59,2017-12-14 11:34:59,25320.0,25300.0,25300.0,25300.0,25800.0,24800.0,136.55,1.5,162.15,353.7,16.1,0.05,28.45,16.8,254.0,338.0,-84.0,1,100,-8420.0,1386055.0,-0.842,-0.0184,-0.1359
2017-12-11,2017-12-14 0:00,2017-12-11 10:30,2017-12-11 10:30,2017-12-11 10:30,2017-12-12 9:21:59,2017-12-12 9:21:59,25451.0,25500.0,25500.0,25500.0,26000.0,24900.0,83.9,26.4,164.85,304.85,6.85,1.6,13.35,24.4,229.0,305.0,-77.0,1,100,-7670.0,1378385.0,-0.767,-0.0261,-0.1359
2017-12-12,2017-12-14 0:00,2017-12-12 10:30,2017-12-12 10:30,2017-12-12 10:30,2017-12-13 14:14:59,2017-12-13 14:14:59,25220.2,25200.0,25200.0,25200.0,25700.0,24700.0,102.95,21.75,113.35,278.0,6.8,1.3,12.15,30.3,197.0,268.0,-71.0,1,100,-7080.0,1371305.0,-0.708,-0.0331,-0.1359
2017-12-13,2017-12-14 0:00,2017-12-13 10:30,2017-12-13 10:30,2017-12-13 10:30,2017-12-14 15:01:59,2017-12-14 15:01:59,25097.95,25100.0,25100.0,25100.0,25600.0,24600.0,72.0,15.0,111.35,9.0,2.7,0.05,7.45,0.05,173.0,24.0,149.0,1,100,14930.0,1386235.0,1.493,-0.0182,-0.1359
2017-12-14,2017-12-14 0:00,2017-12-14 10:30,2017-12-14 10:30,2017-12-14 10:30,2017-12-14 15:19:59,2017-12-14 15:19:59,25048.0,25000.0,25000.0,25000.0,25500.0,24500.0,59.45,146.95,67.75,0.05,0.5,0.05,0.75,0.05,126.0,147.0,-21.0,1,100,-2095.0,1384140.0,-0.2095,-0.0203,-0.1359
2017-12-15,2017-12-21 0:00,2017-12-15 10:30,2017-12-15 10:30,2017-12-15 10:30,2017-12-18 9:15:59,2017-12-18 9:15:59,25493.0,25500.0,25500.0,25500.0,26000.0,25000.0,208.4,44.05,241.95,666.2,53.25,9.25,79.85,248.15,317.0,453.0,-136.0,1,100,-13560.0,1370580.0,-1.356,-0.0339,-0.1359
2017-12-18,2017-12-21 0:00,2017-12-18 10:30,2017-12-18 10:30,2017-12-18 10:30,2017-12-21 14:34:59,2017-12-21 14:34:59,25647.45,25600.0,25600.0,25600.0,26200.0,25100.0,194.2,17.7,170.4,39.45,31.9,0.05,44.3,0.1,288.0,57.0,231.0,1,100,23140.0,1393720.0,2.314,-0.0107,-0.1359
2017-12-19,2017-12-21 0:00,2017-12-19 10:30,2017-12-19 10:30,2017-12-19 10:30,2017-12-21 15:02:59,2017-12-21 15:02:59,25645.25,25600.0,25600.0,25600.0,26200.0,25100.0,139.55,4.9,123.35,27.85,6.2,0.05,18.75,0.05,238.0,33.0,205.0,1,100,20530.0,1414250.0,2.053,0.0,-0.1359
2017-12-20,2017-12-21 0:00,2017-12-20 10:30,2017-12-20 10:30,2017-12-20 10:30,2017-12-21 15:17:59,2017-12-21 15:17:59,25675.3,25700.0,25700.0,25700.0,26200.0,25200.0,69.6,0.05,118.75,123.9,2.55,0.05,6.1,0.05,180.0,124.0,56.0,1,100,5585.0,1419835.0,0.5585,0.0,-0.1359
2017-12-21,2017-12-21 0:00,2017-12-21 10:30,2017-12-21 10:30,2017-12-21 10:30,2017-12-21 15:19:59,2017-12-21 15:19:59,25573.85,25600.0,25600.0,25600.0,26000.0,25100.0,23.7,0.1,91.0,29.05,0.2,0.05,0.45,0.05,114.0,29.0,85.0,1,100,8500.0,1428335.0,0.85,0.0,-0.1359
2017-12-22,2017-12-28 0:00,2017-12-22 10:30,2017-12-22 10:30,2017-12-22 10:30,2017-12-28 15:12:59,2017-12-28 15:12:59,25640.05,25600.0,25600.0,25600.0,26200.0,25100.0,160.05,0.25,125.9,106.5,7.65,0.05,21.25,0.1,257.0,107.0,150.0,1,100,15045.0,1443380.0,1.5045,0.0,-0.1359
2017-12-26,2017-12-28 0:00,2017-12-26 10:30,2017-12-26 10:30,2017-12-26 10:30,2017-12-28 15:17:59,2017-12-28 15:17:59,25611.0,25600.0,25600.0,25600.0,26100.0,25100.0,115.55,0.2,101.5,106.9,5.75,0.05,10.35,0.05,201.0,107.0,94.0,1,100,9395.0,1452775.0,0.9395,0.0,-0.1359
2017-12-27,2017-12-28 0:00,2017-12-27 10:30,2017-12-27 10:30,2017-12-27 10:30,2017-12-27 14:46:59,2017-12-27 14:46:59,25710.05,25700.0,25700.0,25700.0,26200.0,25200.0,89.15,22.4,75.0,198.85,2.45,1.5,4.5,11.75,157.0,208.0,-51.0,1,100,-5080.0,1447695.0,-0.508,-0.0051,-0.1359
2017-12-28,2017-12-28 0:00,2017-12-28 10:30,2017-12-28 10:30,2017-12-28 10:30,2017-12-28 15:14:59,2017-12-28 15:14:59,25471.7,25500.0,25500.0,25500.0,26000.0,25000.0,41.4,6.65,77.1,9.5,0.15,0.05,1.05,0.05,117.0,16.0,101.0,1,100,10125.0,1457820.0,1.0125,0.0,-0.1359
2017-12-29,2018-01-04 0:00,2017-12-29 10:30,2017-12-29 10:30,2017-12-29 10:30,2017-12-29 15:29:59,2017-12-29 15:29:59,25573.0,25600.0,25600.0,25600.0,26100.0,25100.0,103.6,93.35,177.75,154.1,8.95,5.75,24.45,19.8,248.0,222.0,26.0,1,100,2605.0,1460425.0,0.2605,0.0,-0.1359
